코드값,상품명칭,상품구분,유형,주계약코드,보험기간,기간유형값,기간유형,납입기간,가입나이_남,가입나이_여,분류,원본파일명
21686,(무)흥국생명 다(多)사랑암보험,주계약,해약환급금V2,21686,종신,999,E,10년납,만15세~80세,만15세~80세,MAIN,UW21239
21686,(무)흥국생명 다(多)사랑암보험,주계약,해약환급금V2,21686,종신,999,E,15년납,만15세~70세,만15세~70세,MAIN,UW21239
21686,(무)흥국생명 다(多)사랑암보험,주계약,해약환급금V2,21686,종신,999,E,20년납,만15세~70세,만15세~70세,MAIN,UW21239
21686,(무)흥국생명 다(多)사랑암보험,주계약,해약환급금V2,21686,종신,999,E,30년납,만15세~70세,만15세~70세,MAIN,UW21239
21686,(무)흥국생명 다(多)사랑암보험,주계약,해약환급금V2,21686,90세만기,90,S,10년납,만15세~75세,만15세~75세,MAIN,UW21239
21686,(무)흥국생명 다(多)사랑암보험,주계약,해약환급금V2,21686,90세만기,90,S,15년납,만15세~70세,만15세~70세,MAIN,UW21239
21686,(무)흥국생명 다(多)사랑암보험,주계약,해약환급금V2,21686,90세만기,90,S,20년납,만15세~70세,만15세~70세,MAIN,UW21239
21686,(무)흥국생명 다(多)사랑암보험,주계약,해약환급금V2,21686,90세만기,90,S,30년납,만15세~60세,만15세~60세,MAIN,UW21239
21686,(무)흥국생명 다(多)사랑암보험,주계약,해약환급금V2,21686,100세만기,100,S,10년납,만15세~80세,만15세~80세,MAIN,UW21239
21686,(무)흥국생명 다(多)사랑암보험,주계약,해약환급금V2,21686,100세만기,100,S,15년납,만15세~70세,만15세~70세,MAIN,UW21239
21686,(무)흥국생명 다(多)사랑암보험,주계약,해약환급금V2,21686,100세만기,100,S,20년납,만15세~70세,만15세~70세,MAIN,UW21239
21686,(무)흥국생명 다(多)사랑암보험,주계약,해약환급금V2,21686,100세만기,100,S,30년납,만15세~70세,만15세~70세,MAIN,UW21239
21687,(무)흥국생명 다(多)사랑암보험,주계약,표준형,21687,종신,999,E,10년납,만15세~80세,만15세~80세,MAIN,UW21239
21687,(무)흥국생명 다(多)사랑암보험,주계약,표준형,21687,종신,999,E,15년납,만15세~70세,만15세~70세,MAIN,UW21239
21687,(무)흥국생명 다(多)사랑암보험,주계약,표준형,21687,종신,999,E,20년납,만15세~70세,만15세~70세,MAIN,UW21239
21687,(무)흥국생명 다(多)사랑암보험,주계약,표준형,21687,종신,999,E,30년납,만15세~70세,만15세~70세,MAIN,UW21239
21687,(무)흥국생명 다(多)사랑암보험,주계약,표준형,21687,90세만기,90,S,10년납,만15세~75세,만15세~75세,MAIN,UW21239
21687,(무)흥국생명 다(多)사랑암보험,주계약,표준형,21687,90세만기,90,S,15년납,만15세~70세,만15세~70세,MAIN,UW21239
21687,(무)흥국생명 다(多)사랑암보험,주계약,표준형,21687,90세만기,90,S,20년납,만15세~70세,만15세~70세,MAIN,UW21239
21687,(무)흥국생명 다(多)사랑암보험,주계약,표준형,21687,90세만기,90,S,30년납,만15세~60세,만15세~60세,MAIN,UW21239
21687,(무)흥국생명 다(多)사랑암보험,주계약,표준형,21687,100세만기,100,S,10년납,만15세~80세,만15세~80세,MAIN,UW21239
21687,(무)흥국생명 다(多)사랑암보험,주계약,표준형,21687,100세만기,100,S,15년납,만15세~70세,만15세~70세,MAIN,UW21239
21687,(무)흥국생명 다(多)사랑암보험,주계약,표준형,21687,100세만기,100,S,20년납,만15세~70세,만15세~70세,MAIN,UW21239
21687,(무)흥국생명 다(多)사랑암보험,주계약,표준형,21687,100세만기,100,S,30년납,만15세~70세,만15세~70세,MAIN,UW21239
79525,(무)다(多)사랑암진단특약,선택특약,해약환급금V2,21686,종신,999,E,10년납,만15세~80세,만15세~80세,MAIN,UW21239
79525,(무)다(多)사랑암진단특약,선택특약,해약환급금V2,21686,종신,999,E,15년납,만15세~70세,만15세~70세,MAIN,UW21239
79525,(무)다(多)사랑암진단특약,선택특약,해약환급금V2,21686,종신,999,E,20년납,만15세~70세,만15세~70세,MAIN,UW21239
79525,(무)다(多)사랑암진단특약,선택특약,해약환급금V2,21686,종신,999,E,30년납,만15세~70세,만15세~70세,MAIN,UW21239
79525,(무)다(多)사랑암진단특약,선택특약,해약환급금V2,21686,90세만기,90,S,10년납,만15세~75세,만15세~75세,MAIN,UW21239
79525,(무)다(多)사랑암진단특약,선택특약,해약환급금V2,21686,90세만기,90,S,15년납,만15세~70세,만15세~70세,MAIN,UW21239
79525,(무)다(多)사랑암진단특약,선택특약,해약환급금V2,21686,90세만기,90,S,20년납,만15세~70세,만15세~70세,MAIN,UW21239
79525,(무)다(多)사랑암진단특약,선택특약,해약환급금V2,21686,90세만기,90,S,30년납,만15세~60세,만15세~60세,MAIN,UW21239
79525,(무)다(多)사랑암진단특약,선택특약,해약환급금V2,21686,100세만기,100,S,10년납,만15세~80세,만15세~80세,MAIN,UW21239
79525,(무)다(多)사랑암진단특약,선택특약,해약환급금V2,21686,100세만기,100,S,15년납,만15세~70세,만15세~70세,MAIN,UW21239
79525,(무)다(多)사랑암진단특약,선택특약,해약환급금V2,21686,100세만기,100,S,20년납,만15세~70세,만15세~70세,MAIN,UW21239
79525,(무)다(多)사랑암진단특약,선택특약,해약환급금V2,21686,100세만기,100,S,30년납,만15세~70세,만15세~70세,MAIN,UW21239
79526,(무)다(多)사랑암진단특약,선택특약,표준형,21687,종신,999,E,10년납,만15세~80세,만15세~80세,MAIN,UW21239
79526,(무)다(多)사랑암진단특약,선택특약,표준형,21687,종신,999,E,15년납,만15세~70세,만15세~70세,MAIN,UW21239
79526,(무)다(多)사랑암진단특약,선택특약,표준형,21687,종신,999,E,20년납,만15세~70세,만15세~70세,MAIN,UW21239
79526,(무)다(多)사랑암진단특약,선택특약,표준형,21687,종신,999,E,30년납,만15세~70세,만15세~70세,MAIN,UW21239
79526,(무)다(多)사랑암진단특약,선택특약,표준형,21687,90세만기,90,S,10년납,만15세~75세,만15세~75세,MAIN,UW21239
79526,(무)다(多)사랑암진단특약,선택특약,표준형,21687,90세만기,90,S,15년납,만15세~70세,만15세~70세,MAIN,UW21239
79526,(무)다(多)사랑암진단특약,선택특약,표준형,21687,90세만기,90,S,20년납,만15세~70세,만15세~70세,MAIN,UW21239
79526,(무)다(多)사랑암진단특약,선택특약,표준형,21687,90세만기,90,S,30년납,만15세~60세,만15세~60세,MAIN,UW21239
79526,(무)다(多)사랑암진단특약,선택특약,표준형,21687,100세만기,100,S,10년납,만15세~80세,만15세~80세,MAIN,UW21239
79526,(무)다(多)사랑암진단특약,선택특약,표준형,21687,100세만기,100,S,15년납,만15세~70세,만15세~70세,MAIN,UW21239
79526,(무)다(多)사랑암진단특약,선택특약,표준형,21687,100세만기,100,S,20년납,만15세~70세,만15세~70세,MAIN,UW21239
79526,(무)다(多)사랑암진단특약,선택특약,표준형,21687,100세만기,100,S,30년납,만15세~70세,만15세~70세,MAIN,UW21239
79527,(무)다(多)사랑소액암New보장특약,선택특약,해약환급금V2,21686,종신,999,E,10년납,만15세~80세,만15세~80세,MAIN,UW21239
79527,(무)다(多)사랑소액암New보장특약,선택특약,해약환급금V2,21686,종신,999,E,15년납,만15세~70세,만15세~70세,MAIN,UW21239
79527,(무)다(多)사랑소액암New보장특약,선택특약,해약환급금V2,21686,종신,999,E,20년납,만15세~70세,만15세~70세,MAIN,UW21239
79527,(무)다(多)사랑소액암New보장특약,선택특약,해약환급금V2,21686,종신,999,E,30년납,만15세~70세,만15세~70세,MAIN,UW21239
79527,(무)다(多)사랑소액암New보장특약,선택특약,해약환급금V2,21686,90세만기,90,S,10년납,만15세~75세,만15세~75세,MAIN,UW21239
79527,(무)다(多)사랑소액암New보장특약,선택특약,해약환급금V2,21686,90세만기,90,S,15년납,만15세~70세,만15세~70세,MAIN,UW21239
79527,(무)다(多)사랑소액암New보장특약,선택특약,해약환급금V2,21686,90세만기,90,S,20년납,만15세~70세,만15세~70세,MAIN,UW21239
79527,(무)다(多)사랑소액암New보장특약,선택특약,해약환급금V2,21686,90세만기,90,S,30년납,만15세~60세,만15세~60세,MAIN,UW21239
79527,(무)다(多)사랑소액암New보장특약,선택특약,해약환급금V2,21686,100세만기,100,S,10년납,만15세~80세,만15세~80세,MAIN,UW21239
79527,(무)다(多)사랑소액암New보장특약,선택특약,해약환급금V2,21686,100세만기,100,S,15년납,만15세~70세,만15세~70세,MAIN,UW21239
79527,(무)다(多)사랑소액암New보장특약,선택특약,해약환급금V2,21686,100세만기,100,S,20년납,만15세~70세,만15세~70세,MAIN,UW21239
79527,(무)다(多)사랑소액암New보장특약,선택특약,해약환급금V2,21686,100세만기,100,S,30년납,만15세~70세,만15세~70세,MAIN,UW21239
79528,(무)다(多)사랑소액암New보장특약,선택특약,표준형,21687,종신,999,E,10년납,만15세~80세,만15세~80세,MAIN,UW21239
79528,(무)다(多)사랑소액암New보장특약,선택특약,표준형,21687,종신,999,E,15년납,만15세~70세,만15세~70세,MAIN,UW21239
79528,(무)다(多)사랑소액암New보장특약,선택특약,표준형,21687,종신,999,E,20년납,만15세~70세,만15세~70세,MAIN,UW21239
79528,(무)다(多)사랑소액암New보장특약,선택특약,표준형,21687,종신,999,E,30년납,만15세~70세,만15세~70세,MAIN,UW21239
79528,(무)다(多)사랑소액암New보장특약,선택특약,표준형,21687,90세만기,90,S,10년납,만15세~75세,만15세~75세,MAIN,UW21239
79528,(무)다(多)사랑소액암New보장특약,선택특약,표준형,21687,90세만기,90,S,15년납,만15세~70세,만15세~70세,MAIN,UW21239
79528,(무)다(多)사랑소액암New보장특약,선택특약,표준형,21687,90세만기,90,S,20년납,만15세~70세,만15세~70세,MAIN,UW21239
79528,(무)다(多)사랑소액암New보장특약,선택특약,표준형,21687,90세만기,90,S,30년납,만15세~60세,만15세~60세,MAIN,UW21239
79528,(무)다(多)사랑소액암New보장특약,선택특약,표준형,21687,100세만기,100,S,10년납,만15세~80세,만15세~80세,MAIN,UW21239
79528,(무)다(多)사랑소액암New보장특약,선택특약,표준형,21687,100세만기,100,S,15년납,만15세~70세,만15세~70세,MAIN,UW21239
79528,(무)다(多)사랑소액암New보장특약,선택특약,표준형,21687,100세만기,100,S,20년납,만15세~70세,만15세~70세,MAIN,UW21239
79528,(무)다(多)사랑소액암New보장특약,선택특약,표준형,21687,100세만기,100,S,30년납,만15세~70세,만15세~70세,MAIN,UW21239
79545,(무)표적항암약물허가치료특약(갱신형),선택특약,최초계약,21686,5년만기(갱신형)-최초계약,5,R,전기납,만15세~80세,만15세~80세,A_RENEWAL,UW21239
79545,(무)표적항암약물허가치료특약(갱신형),선택특약,최초계약,21686,1~5년만기(갱신형)-갱신계약,5,R,전기납,20세~99세,20세~99세,A_RENEWAL,UW21239
79545,(무)표적항암약물허가치료특약(갱신형),선택특약,최초계약,21686,10년만기(갱신형)-최초계약,10,R,전기납,만15세~80세,만15세~80세,A_RENEWAL,UW21239
79545,(무)표적항암약물허가치료특약(갱신형),선택특약,최초계약,21686,1~10년만기(갱신형)-갱신계약,10,R,전기납,25세~99세,25세~99세,A_RENEWAL,UW21239
79546,(무)표적항암약물허가치료특약(갱신형),선택특약,갱신계약,21686,5년만기(갱신형)-최초계약,5,R,전기납,만15세~80세,만15세~80세,A_RENEWAL,UW21239
79546,(무)표적항암약물허가치료특약(갱신형),선택특약,갱신계약,21686,1~5년만기(갱신형)-갱신계약,5,R,전기납,20세~99세,20세~99세,A_RENEWAL,UW21239
79546,(무)표적항암약물허가치료특약(갱신형),선택특약,갱신계약,21686,10년만기(갱신형)-최초계약,10,R,전기납,만15세~80세,만15세~80세,A_RENEWAL,UW21239
79546,(무)표적항암약물허가치료특약(갱신형),선택특약,갱신계약,21686,1~10년만기(갱신형)-갱신계약,10,R,전기납,25세~99세,25세~99세,A_RENEWAL,UW21239
79547,(무)항암세기조절방사선치료특약(갱신형),선택특약,최초계약,21686,5년만기(갱신형)-최초계약,5,R,전기납,만15세~80세,만15세~80세,A_RENEWAL,UW21239
79547,(무)항암세기조절방사선치료특약(갱신형),선택특약,최초계약,21686,1~5년만기(갱신형)-갱신계약,5,R,전기납,20세~99세,20세~99세,A_RENEWAL,UW21239
79547,(무)항암세기조절방사선치료특약(갱신형),선택특약,최초계약,21686,10년만기(갱신형)-최초계약,10,R,전기납,만15세~80세,만15세~80세,A_RENEWAL,UW21239
79547,(무)항암세기조절방사선치료특약(갱신형),선택특약,최초계약,21686,1~10년만기(갱신형)-갱신계약,10,R,전기납,25세~99세,25세~99세,A_RENEWAL,UW21239
79548,(무)항암세기조절방사선치료특약(갱신형),선택특약,갱신계약,21686,5년만기(갱신형)-최초계약,5,R,전기납,만15세~80세,만15세~80세,A_RENEWAL,UW21239
79548,(무)항암세기조절방사선치료특약(갱신형),선택특약,갱신계약,21686,1~5년만기(갱신형)-갱신계약,5,R,전기납,20세~99세,20세~99세,A_RENEWAL,UW21239
79548,(무)항암세기조절방사선치료특약(갱신형),선택특약,갱신계약,21686,10년만기(갱신형)-최초계약,10,R,전기납,만15세~80세,만15세~80세,A_RENEWAL,UW21239
79548,(무)항암세기조절방사선치료특약(갱신형),선택특약,갱신계약,21686,1~10년만기(갱신형)-갱신계약,10,R,전기납,25세~99세,25세~99세,A_RENEWAL,UW21239
79549,(무)항암양성자방사선치료특약(갱신형),선택특약,최초계약,21686,5년만기(갱신형)-최초계약,5,R,전기납,만15세~80세,만15세~80세,A_RENEWAL,UW21239
79549,(무)항암양성자방사선치료특약(갱신형),선택특약,최초계약,21686,1~5년만기(갱신형)-갱신계약,5,R,전기납,20세~99세,20세~99세,A_RENEWAL,UW21239
79549,(무)항암양성자방사선치료특약(갱신형),선택특약,최초계약,21686,10년만기(갱신형)-최초계약,10,R,전기납,만15세~80세,만15세~80세,A_RENEWAL,UW21239
79549,(무)항암양성자방사선치료특약(갱신형),선택특약,최초계약,21686,1~10년만기(갱신형)-갱신계약,10,R,전기납,25세~99세,25세~99세,A_RENEWAL,UW21239
79550,(무)항암양성자방사선치료특약(갱신형),선택특약,갱신계약,21686,5년만기(갱신형)-최초계약,5,R,전기납,만15세~80세,만15세~80세,A_RENEWAL,UW21239
79550,(무)항암양성자방사선치료특약(갱신형),선택특약,갱신계약,21686,1~5년만기(갱신형)-갱신계약,5,R,전기납,20세~99세,20세~99세,A_RENEWAL,UW21239
79550,(무)항암양성자방사선치료특약(갱신형),선택특약,갱신계약,21686,10년만기(갱신형)-최초계약,10,R,전기납,만15세~80세,만15세~80세,A_RENEWAL,UW21239
79550,(무)항암양성자방사선치료특약(갱신형),선택특약,갱신계약,21686,1~10년만기(갱신형)-갱신계약,10,R,전기납,25세~99세,25세~99세,A_RENEWAL,UW21239
79551,(무)카티항암약물허가치료특약(연간1회한)(갱신형),선택특약,최초계약,21686,5년만기(갱신형)-최초계약,5,R,전기납,만15세~80세,만15세~80세,A_RENEWAL,UW21239
79551,(무)카티항암약물허가치료특약(연간1회한)(갱신형),선택특약,최초계약,21686,1~5년만기(갱신형)-갱신계약,5,R,전기납,20세~99세,20세~99세,A_RENEWAL,UW21239
79551,(무)카티항암약물허가치료특약(연간1회한)(갱신형),선택특약,최초계약,21686,10년만기(갱신형)-최초계약,10,R,전기납,만15세~80세,만15세~80세,A_RENEWAL,UW21239
79551,(무)카티항암약물허가치료특약(연간1회한)(갱신형),선택특약,최초계약,21686,1~10년만기(갱신형)-갱신계약,10,R,전기납,25세~99세,25세~99세,A_RENEWAL,UW21239
79552,(무)카티항암약물허가치료특약(연간1회한)(갱신형),선택특약,갱신계약,21686,5년만기(갱신형)-최초계약,5,R,전기납,만15세~80세,만15세~80세,A_RENEWAL,UW21239
79552,(무)카티항암약물허가치료특약(연간1회한)(갱신형),선택특약,갱신계약,21686,1~5년만기(갱신형)-갱신계약,5,R,전기납,20세~99세,20세~99세,A_RENEWAL,UW21239
79552,(무)카티항암약물허가치료특약(연간1회한)(갱신형),선택특약,갱신계약,21686,10년만기(갱신형)-최초계약,10,R,전기납,만15세~80세,만15세~80세,A_RENEWAL,UW21239
79552,(무)카티항암약물허가치료특약(연간1회한)(갱신형),선택특약,갱신계약,21686,1~10년만기(갱신형)-갱신계약,10,R,전기납,25세~99세,25세~99세,A_RENEWAL,UW21239
79553,(무)다빈치로봇암(특정암제외)수술특약(갱신형),선택특약,최초계약,21686,5년만기(갱신형)-최초계약,5,R,전기납,만15세~80세,만15세~80세,A_RENEWAL,UW21239
79553,(무)다빈치로봇암(특정암제외)수술특약(갱신형),선택특약,최초계약,21686,1~5년만기(갱신형)-갱신계약,5,R,전기납,20세~99세,20세~99세,A_RENEWAL,UW21239
79553,(무)다빈치로봇암(특정암제외)수술특약(갱신형),선택특약,최초계약,21686,10년만기(갱신형)-최초계약,10,R,전기납,만15세~80세,만15세~80세,A_RENEWAL,UW21239
79553,(무)다빈치로봇암(특정암제외)수술특약(갱신형),선택특약,최초계약,21686,1~10년만기(갱신형)-갱신계약,10,R,전기납,25세~99세,25세~99세,A_RENEWAL,UW21239
79554,(무)다빈치로봇암(특정암제외)수술특약(갱신형),선택특약,갱신계약,21686,5년만기(갱신형)-최초계약,5,R,전기납,만15세~80세,만15세~80세,A_RENEWAL,UW21239
79554,(무)다빈치로봇암(특정암제외)수술특약(갱신형),선택특약,갱신계약,21686,1~5년만기(갱신형)-갱신계약,5,R,전기납,20세~99세,20세~99세,A_RENEWAL,UW21239
79554,(무)다빈치로봇암(특정암제외)수술특약(갱신형),선택특약,갱신계약,21686,10년만기(갱신형)-최초계약,10,R,전기납,만15세~80세,만15세~80세,A_RENEWAL,UW21239
79554,(무)다빈치로봇암(특정암제외)수술특약(갱신형),선택특약,갱신계약,21686,1~10년만기(갱신형)-갱신계약,10,R,전기납,25세~99세,25세~99세,A_RENEWAL,UW21239
79555,(무)다빈치로봇특정암수술특약(갱신형),선택특약,최초계약,21686,5년만기(갱신형)-최초계약,5,R,전기납,만15세~80세,만15세~80세,A_RENEWAL,UW21239
79555,(무)다빈치로봇특정암수술특약(갱신형),선택특약,최초계약,21686,1~5년만기(갱신형)-갱신계약,5,R,전기납,20세~99세,20세~99세,A_RENEWAL,UW21239
79555,(무)다빈치로봇특정암수술특약(갱신형),선택특약,최초계약,21686,10년만기(갱신형)-최초계약,10,R,전기납,만15세~80세,만15세~80세,A_RENEWAL,UW21239
79555,(무)다빈치로봇특정암수술특약(갱신형),선택특약,최초계약,21686,1~10년만기(갱신형)-갱신계약,10,R,전기납,25세~99세,25세~99세,A_RENEWAL,UW21239
79556,(무)다빈치로봇특정암수술특약(갱신형),선택특약,갱신계약,21686,5년만기(갱신형)-최초계약,5,R,전기납,만15세~80세,만15세~80세,A_RENEWAL,UW21239
79556,(무)다빈치로봇특정암수술특약(갱신형),선택특약,갱신계약,21686,1~5년만기(갱신형)-갱신계약,5,R,전기납,20세~99세,20세~99세,A_RENEWAL,UW21239
79556,(무)다빈치로봇특정암수술특약(갱신형),선택특약,갱신계약,21686,10년만기(갱신형)-최초계약,10,R,전기납,만15세~80세,만15세~80세,A_RENEWAL,UW21239
79556,(무)다빈치로봇특정암수술특약(갱신형),선택특약,갱신계약,21686,1~10년만기(갱신형)-갱신계약,10,R,전기납,25세~99세,25세~99세,A_RENEWAL,UW21239
79957,(무)전이암진단특약,선택특약,해약환급금V2,21686,종신,999,E,10년납,만15세~80세,만15세~80세,MAIN,UW21239
79957,(무)전이암진단특약,선택특약,해약환급금V2,21686,종신,999,E,15년납,만15세~70세,만15세~70세,MAIN,UW21239
79957,(무)전이암진단특약,선택특약,해약환급금V2,21686,종신,999,E,20년납,만15세~70세,만15세~70세,MAIN,UW21239
79957,(무)전이암진단특약,선택특약,해약환급금V2,21686,종신,999,E,30년납,만15세~70세,만15세~70세,MAIN,UW21239
79957,(무)전이암진단특약,선택특약,해약환급금V2,21686,90세만기,90,S,10년납,만15세~75세,만15세~75세,MAIN,UW21239
79957,(무)전이암진단특약,선택특약,해약환급금V2,21686,90세만기,90,S,15년납,만15세~70세,만15세~70세,MAIN,UW21239
79957,(무)전이암진단특약,선택특약,해약환급금V2,21686,90세만기,90,S,20년납,만15세~70세,만15세~70세,MAIN,UW21239
79957,(무)전이암진단특약,선택특약,해약환급금V2,21686,90세만기,90,S,30년납,만15세~60세,만15세~60세,MAIN,UW21239
79957,(무)전이암진단특약,선택특약,해약환급금V2,21686,100세만기,100,S,10년납,만15세~80세,만15세~80세,MAIN,UW21239
79957,(무)전이암진단특약,선택특약,해약환급금V2,21686,100세만기,100,S,15년납,만15세~70세,만15세~70세,MAIN,UW21239
79957,(무)전이암진단특약,선택특약,해약환급금V2,21686,100세만기,100,S,20년납,만15세~70세,만15세~70세,MAIN,UW21239
79957,(무)전이암진단특약,선택특약,해약환급금V2,21686,100세만기,100,S,30년납,만15세~70세,만15세~70세,MAIN,UW21239
79958,(무)전이암진단특약,선택특약,표준형,21687,종신,999,E,10년납,만15세~80세,만15세~80세,MAIN,UW21239
79958,(무)전이암진단특약,선택특약,표준형,21687,종신,999,E,15년납,만15세~70세,만15세~70세,MAIN,UW21239
79958,(무)전이암진단특약,선택특약,표준형,21687,종신,999,E,20년납,만15세~70세,만15세~70세,MAIN,UW21239
79958,(무)전이암진단특약,선택특약,표준형,21687,종신,999,E,30년납,만15세~70세,만15세~70세,MAIN,UW21239
79958,(무)전이암진단특약,선택특약,표준형,21687,90세만기,90,S,10년납,만15세~75세,만15세~75세,MAIN,UW21239
79958,(무)전이암진단특약,선택특약,표준형,21687,90세만기,90,S,15년납,만15세~70세,만15세~70세,MAIN,UW21239
79958,(무)전이암진단특약,선택특약,표준형,21687,90세만기,90,S,20년납,만15세~70세,만15세~70세,MAIN,UW21239
79958,(무)전이암진단특약,선택특약,표준형,21687,90세만기,90,S,30년납,만15세~60세,만15세~60세,MAIN,UW21239
79958,(무)전이암진단특약,선택특약,표준형,21687,100세만기,100,S,10년납,만15세~80세,만15세~80세,MAIN,UW21239
79958,(무)전이암진단특약,선택특약,표준형,21687,100세만기,100,S,15년납,만15세~70세,만15세~70세,MAIN,UW21239
79958,(무)전이암진단특약,선택특약,표준형,21687,100세만기,100,S,20년납,만15세~70세,만15세~70세,MAIN,UW21239
79958,(무)전이암진단특약,선택특약,표준형,21687,100세만기,100,S,30년납,만15세~70세,만15세~70세,MAIN,UW21239
81795,(무)항암약물방사선치료(소액암)특약,선택특약,해약환급금V2,21686,종신,999,E,10년납,만15세~80세,만15세~80세,MAIN,UW21239
81795,(무)항암약물방사선치료(소액암)특약,선택특약,해약환급금V2,21686,종신,999,E,15년납,만15세~70세,만15세~70세,MAIN,UW21239
81795,(무)항암약물방사선치료(소액암)특약,선택특약,해약환급금V2,21686,종신,999,E,20년납,만15세~70세,만15세~70세,MAIN,UW21239
81795,(무)항암약물방사선치료(소액암)특약,선택특약,해약환급금V2,21686,종신,999,E,30년납,만15세~70세,만15세~70세,MAIN,UW21239
81795,(무)항암약물방사선치료(소액암)특약,선택특약,해약환급금V2,21686,90세만기,90,S,10년납,만15세~75세,만15세~75세,MAIN,UW21239
81795,(무)항암약물방사선치료(소액암)특약,선택특약,해약환급금V2,21686,90세만기,90,S,15년납,만15세~70세,만15세~70세,MAIN,UW21239
81795,(무)항암약물방사선치료(소액암)특약,선택특약,해약환급금V2,21686,90세만기,90,S,20년납,만15세~70세,만15세~70세,MAIN,UW21239
81795,(무)항암약물방사선치료(소액암)특약,선택특약,해약환급금V2,21686,90세만기,90,S,30년납,만15세~60세,만15세~60세,MAIN,UW21239
81795,(무)항암약물방사선치료(소액암)특약,선택특약,해약환급금V2,21686,100세만기,100,S,10년납,만15세~80세,만15세~80세,MAIN,UW21239
81795,(무)항암약물방사선치료(소액암)특약,선택특약,해약환급금V2,21686,100세만기,100,S,15년납,만15세~70세,만15세~70세,MAIN,UW21239
81795,(무)항암약물방사선치료(소액암)특약,선택특약,해약환급금V2,21686,100세만기,100,S,20년납,만15세~70세,만15세~70세,MAIN,UW21239
81795,(무)항암약물방사선치료(소액암)특약,선택특약,해약환급금V2,21686,100세만기,100,S,30년납,만15세~70세,만15세~70세,MAIN,UW21239
81796,(무)항암약물방사선치료(소액암)특약,선택특약,표준형,21687,종신,999,E,10년납,만15세~80세,만15세~80세,MAIN,UW21239
81796,(무)항암약물방사선치료(소액암)특약,선택특약,표준형,21687,종신,999,E,15년납,만15세~70세,만15세~70세,MAIN,UW21239
81796,(무)항암약물방사선치료(소액암)특약,선택특약,표준형,21687,종신,999,E,20년납,만15세~70세,만15세~70세,MAIN,UW21239
81796,(무)항암약물방사선치료(소액암)특약,선택특약,표준형,21687,종신,999,E,30년납,만15세~70세,만15세~70세,MAIN,UW21239
81796,(무)항암약물방사선치료(소액암)특약,선택특약,표준형,21687,90세만기,90,S,10년납,만15세~75세,만15세~75세,MAIN,UW21239
81796,(무)항암약물방사선치료(소액암)특약,선택특약,표준형,21687,90세만기,90,S,15년납,만15세~70세,만15세~70세,MAIN,UW21239
81796,(무)항암약물방사선치료(소액암)특약,선택특약,표준형,21687,90세만기,90,S,20년납,만15세~70세,만15세~70세,MAIN,UW21239
81796,(무)항암약물방사선치료(소액암)특약,선택특약,표준형,21687,90세만기,90,S,30년납,만15세~60세,만15세~60세,MAIN,UW21239
81796,(무)항암약물방사선치료(소액암)특약,선택특약,표준형,21687,100세만기,100,S,10년납,만15세~80세,만15세~80세,MAIN,UW21239
81796,(무)항암약물방사선치료(소액암)특약,선택특약,표준형,21687,100세만기,100,S,15년납,만15세~70세,만15세~70세,MAIN,UW21239
81796,(무)항암약물방사선치료(소액암)특약,선택특약,표준형,21687,100세만기,100,S,20년납,만15세~70세,만15세~70세,MAIN,UW21239
81796,(무)항암약물방사선치료(소액암)특약,선택특약,표준형,21687,100세만기,100,S,30년납,만15세~70세,만15세~70세,MAIN,UW21239
81797,"(무)통합항암약물방사선치료(전이암포함,1종)특약",선택특약,해약환급금V2,21686,종신,999,E,10년납,만15세~80세,만15세~80세,MAIN,UW21239
81797,"(무)통합항암약물방사선치료(전이암포함,1종)특약",선택특약,해약환급금V2,21686,종신,999,E,15년납,만15세~70세,만15세~70세,MAIN,UW21239
81797,"(무)통합항암약물방사선치료(전이암포함,1종)특약",선택특약,해약환급금V2,21686,종신,999,E,20년납,만15세~70세,만15세~70세,MAIN,UW21239
81797,"(무)통합항암약물방사선치료(전이암포함,1종)특약",선택특약,해약환급금V2,21686,종신,999,E,30년납,만15세~70세,만15세~70세,MAIN,UW21239
81797,"(무)통합항암약물방사선치료(전이암포함,1종)특약",선택특약,해약환급금V2,21686,90세만기,90,S,10년납,만15세~75세,만15세~75세,MAIN,UW21239
81797,"(무)통합항암약물방사선치료(전이암포함,1종)특약",선택특약,해약환급금V2,21686,90세만기,90,S,15년납,만15세~70세,만15세~70세,MAIN,UW21239
81797,"(무)통합항암약물방사선치료(전이암포함,1종)특약",선택특약,해약환급금V2,21686,90세만기,90,S,20년납,만15세~70세,만15세~70세,MAIN,UW21239
81797,"(무)통합항암약물방사선치료(전이암포함,1종)특약",선택특약,해약환급금V2,21686,90세만기,90,S,30년납,만15세~60세,만15세~60세,MAIN,UW21239
81797,"(무)통합항암약물방사선치료(전이암포함,1종)특약",선택특약,해약환급금V2,21686,100세만기,100,S,10년납,만15세~80세,만15세~80세,MAIN,UW21239
81797,"(무)통합항암약물방사선치료(전이암포함,1종)특약",선택특약,해약환급금V2,21686,100세만기,100,S,15년납,만15세~70세,만15세~70세,MAIN,UW21239
81797,"(무)통합항암약물방사선치료(전이암포함,1종)특약",선택특약,해약환급금V2,21686,100세만기,100,S,20년납,만15세~70세,만15세~70세,MAIN,UW21239
81797,"(무)통합항암약물방사선치료(전이암포함,1종)특약",선택특약,해약환급금V2,21686,100세만기,100,S,30년납,만15세~70세,만15세~70세,MAIN,UW21239
81798,"(무)통합항암약물방사선치료(전이암포함,1종)특약",선택특약,표준형,21687,종신,999,E,10년납,만15세~80세,만15세~80세,MAIN,UW21239
81798,"(무)통합항암약물방사선치료(전이암포함,1종)특약",선택특약,표준형,21687,종신,999,E,15년납,만15세~70세,만15세~70세,MAIN,UW21239
81798,"(무)통합항암약물방사선치료(전이암포함,1종)특약",선택특약,표준형,21687,종신,999,E,20년납,만15세~70세,만15세~70세,MAIN,UW21239
81798,"(무)통합항암약물방사선치료(전이암포함,1종)특약",선택특약,표준형,21687,종신,999,E,30년납,만15세~70세,만15세~70세,MAIN,UW21239
81798,"(무)통합항암약물방사선치료(전이암포함,1종)특약",선택특약,표준형,21687,90세만기,90,S,10년납,만15세~75세,만15세~75세,MAIN,UW21239
81798,"(무)통합항암약물방사선치료(전이암포함,1종)특약",선택특약,표준형,21687,90세만기,90,S,15년납,만15세~70세,만15세~70세,MAIN,UW21239
81798,"(무)통합항암약물방사선치료(전이암포함,1종)특약",선택특약,표준형,21687,90세만기,90,S,20년납,만15세~70세,만15세~70세,MAIN,UW21239
81798,"(무)통합항암약물방사선치료(전이암포함,1종)특약",선택특약,표준형,21687,90세만기,90,S,30년납,만15세~60세,만15세~60세,MAIN,UW21239
81798,"(무)통합항암약물방사선치료(전이암포함,1종)특약",선택특약,표준형,21687,100세만기,100,S,10년납,만15세~80세,만15세~80세,MAIN,UW21239
81798,"(무)통합항암약물방사선치료(전이암포함,1종)특약",선택특약,표준형,21687,100세만기,100,S,15년납,만15세~70세,만15세~70세,MAIN,UW21239
81798,"(무)통합항암약물방사선치료(전이암포함,1종)특약",선택특약,표준형,21687,100세만기,100,S,20년납,만15세~70세,만15세~70세,MAIN,UW21239
81798,"(무)통합항암약물방사선치료(전이암포함,1종)특약",선택특약,표준형,21687,100세만기,100,S,30년납,만15세~70세,만15세~70세,MAIN,UW21239
81799,"(무)통합항암약물방사선치료(전이암포함,2종)특약",선택특약,해약환급금V2,21686,종신,999,E,10년납,만15세~80세,만15세~80세,MAIN,UW21239
81799,"(무)통합항암약물방사선치료(전이암포함,2종)특약",선택특약,해약환급금V2,21686,종신,999,E,15년납,만15세~70세,만15세~70세,MAIN,UW21239
81799,"(무)통합항암약물방사선치료(전이암포함,2종)특약",선택특약,해약환급금V2,21686,종신,999,E,20년납,만15세~70세,만15세~70세,MAIN,UW21239
81799,"(무)통합항암약물방사선치료(전이암포함,2종)특약",선택특약,해약환급금V2,21686,종신,999,E,30년납,만15세~70세,만15세~70세,MAIN,UW21239
81799,"(무)통합항암약물방사선치료(전이암포함,2종)특약",선택특약,해약환급금V2,21686,90세만기,90,S,10년납,만15세~75세,만15세~75세,MAIN,UW21239
81799,"(무)통합항암약물방사선치료(전이암포함,2종)특약",선택특약,해약환급금V2,21686,90세만기,90,S,15년납,만15세~70세,만15세~70세,MAIN,UW21239
81799,"(무)통합항암약물방사선치료(전이암포함,2종)특약",선택특약,해약환급금V2,21686,90세만기,90,S,20년납,만15세~70세,만15세~70세,MAIN,UW21239
81799,"(무)통합항암약물방사선치료(전이암포함,2종)특약",선택특약,해약환급금V2,21686,90세만기,90,S,30년납,만15세~60세,만15세~60세,MAIN,UW21239
81799,"(무)통합항암약물방사선치료(전이암포함,2종)특약",선택특약,해약환급금V2,21686,100세만기,100,S,10년납,만15세~80세,만15세~80세,MAIN,UW21239
81799,"(무)통합항암약물방사선치료(전이암포함,2종)특약",선택특약,해약환급금V2,21686,100세만기,100,S,15년납,만15세~70세,만15세~70세,MAIN,UW21239
81799,"(무)통합항암약물방사선치료(전이암포함,2종)특약",선택특약,해약환급금V2,21686,100세만기,100,S,20년납,만15세~70세,만15세~70세,MAIN,UW21239
81799,"(무)통합항암약물방사선치료(전이암포함,2종)특약",선택특약,해약환급금V2,21686,100세만기,100,S,30년납,만15세~70세,만15세~70세,MAIN,UW21239
81800,"(무)통합항암약물방사선치료(전이암포함,2종)특약",선택특약,표준형,21687,종신,999,E,10년납,만15세~80세,만15세~80세,MAIN,UW21239
81800,"(무)통합항암약물방사선치료(전이암포함,2종)특약",선택특약,표준형,21687,종신,999,E,15년납,만15세~70세,만15세~70세,MAIN,UW21239
81800,"(무)통합항암약물방사선치료(전이암포함,2종)특약",선택특약,표준형,21687,종신,999,E,20년납,만15세~70세,만15세~70세,MAIN,UW21239
81800,"(무)통합항암약물방사선치료(전이암포함,2종)특약",선택특약,표준형,21687,종신,999,E,30년납,만15세~70세,만15세~70세,MAIN,UW21239
81800,"(무)통합항암약물방사선치료(전이암포함,2종)특약",선택특약,표준형,21687,90세만기,90,S,10년납,만15세~75세,만15세~75세,MAIN,UW21239
81800,"(무)통합항암약물방사선치료(전이암포함,2종)특약",선택특약,표준형,21687,90세만기,90,S,15년납,만15세~70세,만15세~70세,MAIN,UW21239
81800,"(무)통합항암약물방사선치료(전이암포함,2종)특약",선택특약,표준형,21687,90세만기,90,S,20년납,만15세~70세,만15세~70세,MAIN,UW21239
81800,"(무)통합항암약물방사선치료(전이암포함,2종)특약",선택특약,표준형,21687,90세만기,90,S,30년납,만15세~60세,만15세~60세,MAIN,UW21239
81800,"(무)통합항암약물방사선치료(전이암포함,2종)특약",선택특약,표준형,21687,100세만기,100,S,10년납,만15세~80세,만15세~80세,MAIN,UW21239
81800,"(무)통합항암약물방사선치료(전이암포함,2종)특약",선택특약,표준형,21687,100세만기,100,S,15년납,만15세~70세,만15세~70세,MAIN,UW21239
81800,"(무)통합항암약물방사선치료(전이암포함,2종)특약",선택특약,표준형,21687,100세만기,100,S,20년납,만15세~70세,만15세~70세,MAIN,UW21239
81800,"(무)통합항암약물방사선치료(전이암포함,2종)특약",선택특약,표준형,21687,100세만기,100,S,30년납,만15세~70세,만15세~70세,MAIN,UW21239
81801,"(무)통합항암약물방사선치료(전이암포함,3종)특약",선택특약,해약환급금V2,21686,종신,999,E,10년납,만15세~80세,만15세~80세,MAIN,UW21239
81801,"(무)통합항암약물방사선치료(전이암포함,3종)특약",선택특약,해약환급금V2,21686,종신,999,E,15년납,만15세~70세,만15세~70세,MAIN,UW21239
81801,"(무)통합항암약물방사선치료(전이암포함,3종)특약",선택특약,해약환급금V2,21686,종신,999,E,20년납,만15세~70세,만15세~70세,MAIN,UW21239
81801,"(무)통합항암약물방사선치료(전이암포함,3종)특약",선택특약,해약환급금V2,21686,종신,999,E,30년납,만15세~70세,만15세~70세,MAIN,UW21239
81801,"(무)통합항암약물방사선치료(전이암포함,3종)특약",선택특약,해약환급금V2,21686,90세만기,90,S,10년납,만15세~75세,만15세~75세,MAIN,UW21239
81801,"(무)통합항암약물방사선치료(전이암포함,3종)특약",선택특약,해약환급금V2,21686,90세만기,90,S,15년납,만15세~70세,만15세~70세,MAIN,UW21239
81801,"(무)통합항암약물방사선치료(전이암포함,3종)특약",선택특약,해약환급금V2,21686,90세만기,90,S,20년납,만15세~70세,만15세~70세,MAIN,UW21239
81801,"(무)통합항암약물방사선치료(전이암포함,3종)특약",선택특약,해약환급금V2,21686,90세만기,90,S,30년납,만15세~60세,만15세~60세,MAIN,UW21239
81801,"(무)통합항암약물방사선치료(전이암포함,3종)특약",선택특약,해약환급금V2,21686,100세만기,100,S,10년납,만15세~80세,만15세~80세,MAIN,UW21239
81801,"(무)통합항암약물방사선치료(전이암포함,3종)특약",선택특약,해약환급금V2,21686,100세만기,100,S,15년납,만15세~70세,만15세~70세,MAIN,UW21239
81801,"(무)통합항암약물방사선치료(전이암포함,3종)특약",선택특약,해약환급금V2,21686,100세만기,100,S,20년납,만15세~70세,만15세~70세,MAIN,UW21239
81801,"(무)통합항암약물방사선치료(전이암포함,3종)특약",선택특약,해약환급금V2,21686,100세만기,100,S,30년납,만15세~70세,만15세~70세,MAIN,UW21239
81802,"(무)통합항암약물방사선치료(전이암포함,3종)특약",선택특약,표준형,21687,종신,999,E,10년납,만15세~80세,만15세~80세,MAIN,UW21239
81802,"(무)통합항암약물방사선치료(전이암포함,3종)특약",선택특약,표준형,21687,종신,999,E,15년납,만15세~70세,만15세~70세,MAIN,UW21239
81802,"(무)통합항암약물방사선치료(전이암포함,3종)특약",선택특약,표준형,21687,종신,999,E,20년납,만15세~70세,만15세~70세,MAIN,UW21239
81802,"(무)통합항암약물방사선치료(전이암포함,3종)특약",선택특약,표준형,21687,종신,999,E,30년납,만15세~70세,만15세~70세,MAIN,UW21239
81802,"(무)통합항암약물방사선치료(전이암포함,3종)특약",선택특약,표준형,21687,90세만기,90,S,10년납,만15세~75세,만15세~75세,MAIN,UW21239
81802,"(무)통합항암약물방사선치료(전이암포함,3종)특약",선택특약,표준형,21687,90세만기,90,S,15년납,만15세~70세,만15세~70세,MAIN,UW21239
81802,"(무)통합항암약물방사선치료(전이암포함,3종)특약",선택특약,표준형,21687,90세만기,90,S,20년납,만15세~70세,만15세~70세,MAIN,UW21239
81802,"(무)통합항암약물방사선치료(전이암포함,3종)특약",선택특약,표준형,21687,90세만기,90,S,30년납,만15세~60세,만15세~60세,MAIN,UW21239
81802,"(무)통합항암약물방사선치료(전이암포함,3종)특약",선택특약,표준형,21687,100세만기,100,S,10년납,만15세~80세,만15세~80세,MAIN,UW21239
81802,"(무)통합항암약물방사선치료(전이암포함,3종)특약",선택특약,표준형,21687,100세만기,100,S,15년납,만15세~70세,만15세~70세,MAIN,UW21239
81802,"(무)통합항암약물방사선치료(전이암포함,3종)특약",선택특약,표준형,21687,100세만기,100,S,20년납,만15세~70세,만15세~70세,MAIN,UW21239
81802,"(무)통합항암약물방사선치료(전이암포함,3종)특약",선택특약,표준형,21687,100세만기,100,S,30년납,만15세~70세,만15세~70세,MAIN,UW21239
81803,"(무)통합항암약물방사선치료(전이암포함,4종)특약",선택특약,해약환급금V2,21686,종신,999,E,10년납,만15세~80세,만15세~80세,MAIN,UW21239
81803,"(무)통합항암약물방사선치료(전이암포함,4종)특약",선택특약,해약환급금V2,21686,종신,999,E,15년납,만15세~70세,만15세~70세,MAIN,UW21239
81803,"(무)통합항암약물방사선치료(전이암포함,4종)특약",선택특약,해약환급금V2,21686,종신,999,E,20년납,만15세~70세,만15세~70세,MAIN,UW21239
81803,"(무)통합항암약물방사선치료(전이암포함,4종)특약",선택특약,해약환급금V2,21686,종신,999,E,30년납,만15세~70세,만15세~70세,MAIN,UW21239
81803,"(무)통합항암약물방사선치료(전이암포함,4종)특약",선택특약,해약환급금V2,21686,90세만기,90,S,10년납,만15세~75세,만15세~75세,MAIN,UW21239
81803,"(무)통합항암약물방사선치료(전이암포함,4종)특약",선택특약,해약환급금V2,21686,90세만기,90,S,15년납,만15세~70세,만15세~70세,MAIN,UW21239
81803,"(무)통합항암약물방사선치료(전이암포함,4종)특약",선택특약,해약환급금V2,21686,90세만기,90,S,20년납,만15세~70세,만15세~70세,MAIN,UW21239
81803,"(무)통합항암약물방사선치료(전이암포함,4종)특약",선택특약,해약환급금V2,21686,90세만기,90,S,30년납,만15세~60세,만15세~60세,MAIN,UW21239
81803,"(무)통합항암약물방사선치료(전이암포함,4종)특약",선택특약,해약환급금V2,21686,100세만기,100,S,10년납,만15세~80세,만15세~80세,MAIN,UW21239
81803,"(무)통합항암약물방사선치료(전이암포함,4종)특약",선택특약,해약환급금V2,21686,100세만기,100,S,15년납,만15세~70세,만15세~70세,MAIN,UW21239
81803,"(무)통합항암약물방사선치료(전이암포함,4종)특약",선택특약,해약환급금V2,21686,100세만기,100,S,20년납,만15세~70세,만15세~70세,MAIN,UW21239
81803,"(무)통합항암약물방사선치료(전이암포함,4종)특약",선택특약,해약환급금V2,21686,100세만기,100,S,30년납,만15세~70세,만15세~70세,MAIN,UW21239
81804,"(무)통합항암약물방사선치료(전이암포함,4종)특약",선택특약,표준형,21687,종신,999,E,10년납,만15세~80세,만15세~80세,MAIN,UW21239
81804,"(무)통합항암약물방사선치료(전이암포함,4종)특약",선택특약,표준형,21687,종신,999,E,15년납,만15세~70세,만15세~70세,MAIN,UW21239
81804,"(무)통합항암약물방사선치료(전이암포함,4종)특약",선택특약,표준형,21687,종신,999,E,20년납,만15세~70세,만15세~70세,MAIN,UW21239
81804,"(무)통합항암약물방사선치료(전이암포함,4종)특약",선택특약,표준형,21687,종신,999,E,30년납,만15세~70세,만15세~70세,MAIN,UW21239
81804,"(무)통합항암약물방사선치료(전이암포함,4종)특약",선택특약,표준형,21687,90세만기,90,S,10년납,만15세~75세,만15세~75세,MAIN,UW21239
81804,"(무)통합항암약물방사선치료(전이암포함,4종)특약",선택특약,표준형,21687,90세만기,90,S,15년납,만15세~70세,만15세~70세,MAIN,UW21239
81804,"(무)통합항암약물방사선치료(전이암포함,4종)특약",선택특약,표준형,21687,90세만기,90,S,20년납,만15세~70세,만15세~70세,MAIN,UW21239
81804,"(무)통합항암약물방사선치료(전이암포함,4종)특약",선택특약,표준형,21687,90세만기,90,S,30년납,만15세~60세,만15세~60세,MAIN,UW21239
81804,"(무)통합항암약물방사선치료(전이암포함,4종)특약",선택특약,표준형,21687,100세만기,100,S,10년납,만15세~80세,만15세~80세,MAIN,UW21239
81804,"(무)통합항암약물방사선치료(전이암포함,4종)특약",선택특약,표준형,21687,100세만기,100,S,15년납,만15세~70세,만15세~70세,MAIN,UW21239
81804,"(무)통합항암약물방사선치료(전이암포함,4종)특약",선택특약,표준형,21687,100세만기,100,S,20년납,만15세~70세,만15세~70세,MAIN,UW21239
81804,"(무)통합항암약물방사선치료(전이암포함,4종)특약",선택특약,표준형,21687,100세만기,100,S,30년납,만15세~70세,만15세~70세,MAIN,UW21239
81805,"(무)통합항암약물방사선치료(전이암포함,5종)특약",선택특약,해약환급금V2,21686,종신,999,E,10년납,만15세~80세,만15세~80세,MAIN,UW21239
81805,"(무)통합항암약물방사선치료(전이암포함,5종)특약",선택특약,해약환급금V2,21686,종신,999,E,15년납,만15세~70세,만15세~70세,MAIN,UW21239
81805,"(무)통합항암약물방사선치료(전이암포함,5종)특약",선택특약,해약환급금V2,21686,종신,999,E,20년납,만15세~70세,만15세~70세,MAIN,UW21239
81805,"(무)통합항암약물방사선치료(전이암포함,5종)특약",선택특약,해약환급금V2,21686,종신,999,E,30년납,만15세~70세,만15세~70세,MAIN,UW21239
81805,"(무)통합항암약물방사선치료(전이암포함,5종)특약",선택특약,해약환급금V2,21686,90세만기,90,S,10년납,만15세~75세,만15세~75세,MAIN,UW21239
81805,"(무)통합항암약물방사선치료(전이암포함,5종)특약",선택특약,해약환급금V2,21686,90세만기,90,S,15년납,만15세~70세,만15세~70세,MAIN,UW21239
81805,"(무)통합항암약물방사선치료(전이암포함,5종)특약",선택특약,해약환급금V2,21686,90세만기,90,S,20년납,만15세~70세,만15세~70세,MAIN,UW21239
81805,"(무)통합항암약물방사선치료(전이암포함,5종)특약",선택특약,해약환급금V2,21686,90세만기,90,S,30년납,만15세~60세,만15세~60세,MAIN,UW21239
81805,"(무)통합항암약물방사선치료(전이암포함,5종)특약",선택특약,해약환급금V2,21686,100세만기,100,S,10년납,만15세~80세,만15세~80세,MAIN,UW21239
81805,"(무)통합항암약물방사선치료(전이암포함,5종)특약",선택특약,해약환급금V2,21686,100세만기,100,S,15년납,만15세~70세,만15세~70세,MAIN,UW21239
81805,"(무)통합항암약물방사선치료(전이암포함,5종)특약",선택특약,해약환급금V2,21686,100세만기,100,S,20년납,만15세~70세,만15세~70세,MAIN,UW21239
81805,"(무)통합항암약물방사선치료(전이암포함,5종)특약",선택특약,해약환급금V2,21686,100세만기,100,S,30년납,만15세~70세,만15세~70세,MAIN,UW21239
81806,"(무)통합항암약물방사선치료(전이암포함,5종)특약",선택특약,표준형,21687,종신,999,E,10년납,만15세~80세,만15세~80세,MAIN,UW21239
81806,"(무)통합항암약물방사선치료(전이암포함,5종)특약",선택특약,표준형,21687,종신,999,E,15년납,만15세~70세,만15세~70세,MAIN,UW21239
81806,"(무)통합항암약물방사선치료(전이암포함,5종)특약",선택특약,표준형,21687,종신,999,E,20년납,만15세~70세,만15세~70세,MAIN,UW21239
81806,"(무)통합항암약물방사선치료(전이암포함,5종)특약",선택특약,표준형,21687,종신,999,E,30년납,만15세~70세,만15세~70세,MAIN,UW21239
81806,"(무)통합항암약물방사선치료(전이암포함,5종)특약",선택특약,표준형,21687,90세만기,90,S,10년납,만15세~75세,만15세~75세,MAIN,UW21239
81806,"(무)통합항암약물방사선치료(전이암포함,5종)특약",선택특약,표준형,21687,90세만기,90,S,15년납,만15세~70세,만15세~70세,MAIN,UW21239
81806,"(무)통합항암약물방사선치료(전이암포함,5종)특약",선택특약,표준형,21687,90세만기,90,S,20년납,만15세~70세,만15세~70세,MAIN,UW21239
81806,"(무)통합항암약물방사선치료(전이암포함,5종)특약",선택특약,표준형,21687,90세만기,90,S,30년납,만15세~60세,만15세~60세,MAIN,UW21239
81806,"(무)통합항암약물방사선치료(전이암포함,5종)특약",선택특약,표준형,21687,100세만기,100,S,10년납,만15세~80세,만15세~80세,MAIN,UW21239
81806,"(무)통합항암약물방사선치료(전이암포함,5종)특약",선택특약,표준형,21687,100세만기,100,S,15년납,만15세~70세,만15세~70세,MAIN,UW21239
81806,"(무)통합항암약물방사선치료(전이암포함,5종)특약",선택특약,표준형,21687,100세만기,100,S,20년납,만15세~70세,만15세~70세,MAIN,UW21239
81806,"(무)통합항암약물방사선치료(전이암포함,5종)특약",선택특약,표준형,21687,100세만기,100,S,30년납,만15세~70세,만15세~70세,MAIN,UW21239
81807,"(무)통합항암약물방사선치료(전이암포함,6종)특약",선택특약,해약환급금V2,21686,종신,999,E,10년납,만15세~80세,만15세~80세,MAIN,UW21239
81807,"(무)통합항암약물방사선치료(전이암포함,6종)특약",선택특약,해약환급금V2,21686,종신,999,E,15년납,만15세~70세,만15세~70세,MAIN,UW21239
81807,"(무)통합항암약물방사선치료(전이암포함,6종)특약",선택특약,해약환급금V2,21686,종신,999,E,20년납,만15세~70세,만15세~70세,MAIN,UW21239
81807,"(무)통합항암약물방사선치료(전이암포함,6종)특약",선택특약,해약환급금V2,21686,종신,999,E,30년납,만15세~70세,만15세~70세,MAIN,UW21239
81807,"(무)통합항암약물방사선치료(전이암포함,6종)특약",선택특약,해약환급금V2,21686,90세만기,90,S,10년납,만15세~75세,만15세~75세,MAIN,UW21239
81807,"(무)통합항암약물방사선치료(전이암포함,6종)특약",선택특약,해약환급금V2,21686,90세만기,90,S,15년납,만15세~70세,만15세~70세,MAIN,UW21239
81807,"(무)통합항암약물방사선치료(전이암포함,6종)특약",선택특약,해약환급금V2,21686,90세만기,90,S,20년납,만15세~70세,만15세~70세,MAIN,UW21239
81807,"(무)통합항암약물방사선치료(전이암포함,6종)특약",선택특약,해약환급금V2,21686,90세만기,90,S,30년납,만15세~60세,만15세~60세,MAIN,UW21239
81807,"(무)통합항암약물방사선치료(전이암포함,6종)특약",선택특약,해약환급금V2,21686,100세만기,100,S,10년납,만15세~80세,만15세~80세,MAIN,UW21239
81807,"(무)통합항암약물방사선치료(전이암포함,6종)특약",선택특약,해약환급금V2,21686,100세만기,100,S,15년납,만15세~70세,만15세~70세,MAIN,UW21239
81807,"(무)통합항암약물방사선치료(전이암포함,6종)특약",선택특약,해약환급금V2,21686,100세만기,100,S,20년납,만15세~70세,만15세~70세,MAIN,UW21239
81807,"(무)통합항암약물방사선치료(전이암포함,6종)특약",선택특약,해약환급금V2,21686,100세만기,100,S,30년납,만15세~70세,만15세~70세,MAIN,UW21239
81808,"(무)통합항암약물방사선치료(전이암포함,6종)특약",선택특약,표준형,21687,종신,999,E,10년납,만15세~80세,만15세~80세,MAIN,UW21239
81808,"(무)통합항암약물방사선치료(전이암포함,6종)특약",선택특약,표준형,21687,종신,999,E,15년납,만15세~70세,만15세~70세,MAIN,UW21239
81808,"(무)통합항암약물방사선치료(전이암포함,6종)특약",선택특약,표준형,21687,종신,999,E,20년납,만15세~70세,만15세~70세,MAIN,UW21239
81808,"(무)통합항암약물방사선치료(전이암포함,6종)특약",선택특약,표준형,21687,종신,999,E,30년납,만15세~70세,만15세~70세,MAIN,UW21239
81808,"(무)통합항암약물방사선치료(전이암포함,6종)특약",선택특약,표준형,21687,90세만기,90,S,10년납,만15세~75세,만15세~75세,MAIN,UW21239
81808,"(무)통합항암약물방사선치료(전이암포함,6종)특약",선택특약,표준형,21687,90세만기,90,S,15년납,만15세~70세,만15세~70세,MAIN,UW21239
81808,"(무)통합항암약물방사선치료(전이암포함,6종)특약",선택특약,표준형,21687,90세만기,90,S,20년납,만15세~70세,만15세~70세,MAIN,UW21239
81808,"(무)통합항암약물방사선치료(전이암포함,6종)특약",선택특약,표준형,21687,90세만기,90,S,30년납,만15세~60세,만15세~60세,MAIN,UW21239
81808,"(무)통합항암약물방사선치료(전이암포함,6종)특약",선택특약,표준형,21687,100세만기,100,S,10년납,만15세~80세,만15세~80세,MAIN,UW21239
81808,"(무)통합항암약물방사선치료(전이암포함,6종)특약",선택특약,표준형,21687,100세만기,100,S,15년납,만15세~70세,만15세~70세,MAIN,UW21239
81808,"(무)통합항암약물방사선치료(전이암포함,6종)특약",선택특약,표준형,21687,100세만기,100,S,20년납,만15세~70세,만15세~70세,MAIN,UW21239
81808,"(무)통합항암약물방사선치료(전이암포함,6종)특약",선택특약,표준형,21687,100세만기,100,S,30년납,만15세~70세,만15세~70세,MAIN,UW21239
81809,"(무)통합항암약물방사선치료(전이암포함,7종)특약",선택특약,해약환급금V2,21686,종신,999,E,10년납,만15세~80세,만15세~80세,MAIN,UW21239
81809,"(무)통합항암약물방사선치료(전이암포함,7종)특약",선택특약,해약환급금V2,21686,종신,999,E,15년납,만15세~70세,만15세~70세,MAIN,UW21239
81809,"(무)통합항암약물방사선치료(전이암포함,7종)특약",선택특약,해약환급금V2,21686,종신,999,E,20년납,만15세~70세,만15세~70세,MAIN,UW21239
81809,"(무)통합항암약물방사선치료(전이암포함,7종)특약",선택특약,해약환급금V2,21686,종신,999,E,30년납,만15세~70세,만15세~70세,MAIN,UW21239
81809,"(무)통합항암약물방사선치료(전이암포함,7종)특약",선택특약,해약환급금V2,21686,90세만기,90,S,10년납,만15세~75세,만15세~75세,MAIN,UW21239
81809,"(무)통합항암약물방사선치료(전이암포함,7종)특약",선택특약,해약환급금V2,21686,90세만기,90,S,15년납,만15세~70세,만15세~70세,MAIN,UW21239
81809,"(무)통합항암약물방사선치료(전이암포함,7종)특약",선택특약,해약환급금V2,21686,90세만기,90,S,20년납,만15세~70세,만15세~70세,MAIN,UW21239
81809,"(무)통합항암약물방사선치료(전이암포함,7종)특약",선택특약,해약환급금V2,21686,90세만기,90,S,30년납,만15세~60세,만15세~60세,MAIN,UW21239
81809,"(무)통합항암약물방사선치료(전이암포함,7종)특약",선택특약,해약환급금V2,21686,100세만기,100,S,10년납,만15세~80세,만15세~80세,MAIN,UW21239
81809,"(무)통합항암약물방사선치료(전이암포함,7종)특약",선택특약,해약환급금V2,21686,100세만기,100,S,15년납,만15세~70세,만15세~70세,MAIN,UW21239
81809,"(무)통합항암약물방사선치료(전이암포함,7종)특약",선택특약,해약환급금V2,21686,100세만기,100,S,20년납,만15세~70세,만15세~70세,MAIN,UW21239
81809,"(무)통합항암약물방사선치료(전이암포함,7종)특약",선택특약,해약환급금V2,21686,100세만기,100,S,30년납,만15세~70세,만15세~70세,MAIN,UW21239
81810,"(무)통합항암약물방사선치료(전이암포함,7종)특약",선택특약,표준형,21687,종신,999,E,10년납,만15세~80세,만15세~80세,MAIN,UW21239
81810,"(무)통합항암약물방사선치료(전이암포함,7종)특약",선택특약,표준형,21687,종신,999,E,15년납,만15세~70세,만15세~70세,MAIN,UW21239
81810,"(무)통합항암약물방사선치료(전이암포함,7종)특약",선택특약,표준형,21687,종신,999,E,20년납,만15세~70세,만15세~70세,MAIN,UW21239
81810,"(무)통합항암약물방사선치료(전이암포함,7종)특약",선택특약,표준형,21687,종신,999,E,30년납,만15세~70세,만15세~70세,MAIN,UW21239
81810,"(무)통합항암약물방사선치료(전이암포함,7종)특약",선택특약,표준형,21687,90세만기,90,S,10년납,만15세~75세,만15세~75세,MAIN,UW21239
81810,"(무)통합항암약물방사선치료(전이암포함,7종)특약",선택특약,표준형,21687,90세만기,90,S,15년납,만15세~70세,만15세~70세,MAIN,UW21239
81810,"(무)통합항암약물방사선치료(전이암포함,7종)특약",선택특약,표준형,21687,90세만기,90,S,20년납,만15세~70세,만15세~70세,MAIN,UW21239
81810,"(무)통합항암약물방사선치료(전이암포함,7종)특약",선택특약,표준형,21687,90세만기,90,S,30년납,만15세~60세,만15세~60세,MAIN,UW21239
81810,"(무)통합항암약물방사선치료(전이암포함,7종)특약",선택특약,표준형,21687,100세만기,100,S,10년납,만15세~80세,만15세~80세,MAIN,UW21239
81810,"(무)통합항암약물방사선치료(전이암포함,7종)특약",선택특약,표준형,21687,100세만기,100,S,15년납,만15세~70세,만15세~70세,MAIN,UW21239
81810,"(무)통합항암약물방사선치료(전이암포함,7종)특약",선택특약,표준형,21687,100세만기,100,S,20년납,만15세~70세,만15세~70세,MAIN,UW21239
81810,"(무)통합항암약물방사선치료(전이암포함,7종)특약",선택특약,표준형,21687,100세만기,100,S,30년납,만15세~70세,만15세~70세,MAIN,UW21239
81811,"(무)통합항암약물방사선치료(전이암포함,8종)특약",선택특약,해약환급금V2,21686,종신,999,E,10년납,만15세~80세,만15세~80세,MAIN,UW21239
81811,"(무)통합항암약물방사선치료(전이암포함,8종)특약",선택특약,해약환급금V2,21686,종신,999,E,15년납,만15세~70세,만15세~70세,MAIN,UW21239
81811,"(무)통합항암약물방사선치료(전이암포함,8종)특약",선택특약,해약환급금V2,21686,종신,999,E,20년납,만15세~70세,만15세~70세,MAIN,UW21239
81811,"(무)통합항암약물방사선치료(전이암포함,8종)특약",선택특약,해약환급금V2,21686,종신,999,E,30년납,만15세~70세,만15세~70세,MAIN,UW21239
81811,"(무)통합항암약물방사선치료(전이암포함,8종)특약",선택특약,해약환급금V2,21686,90세만기,90,S,10년납,만15세~75세,만15세~75세,MAIN,UW21239
81811,"(무)통합항암약물방사선치료(전이암포함,8종)특약",선택특약,해약환급금V2,21686,90세만기,90,S,15년납,만15세~70세,만15세~70세,MAIN,UW21239
81811,"(무)통합항암약물방사선치료(전이암포함,8종)특약",선택특약,해약환급금V2,21686,90세만기,90,S,20년납,만15세~70세,만15세~70세,MAIN,UW21239
81811,"(무)통합항암약물방사선치료(전이암포함,8종)특약",선택특약,해약환급금V2,21686,90세만기,90,S,30년납,만15세~60세,만15세~60세,MAIN,UW21239
81811,"(무)통합항암약물방사선치료(전이암포함,8종)특약",선택특약,해약환급금V2,21686,100세만기,100,S,10년납,만15세~80세,만15세~80세,MAIN,UW21239
81811,"(무)통합항암약물방사선치료(전이암포함,8종)특약",선택특약,해약환급금V2,21686,100세만기,100,S,15년납,만15세~70세,만15세~70세,MAIN,UW21239
81811,"(무)통합항암약물방사선치료(전이암포함,8종)특약",선택특약,해약환급금V2,21686,100세만기,100,S,20년납,만15세~70세,만15세~70세,MAIN,UW21239
81811,"(무)통합항암약물방사선치료(전이암포함,8종)특약",선택특약,해약환급금V2,21686,100세만기,100,S,30년납,만15세~70세,만15세~70세,MAIN,UW21239
81812,"(무)통합항암약물방사선치료(전이암포함,8종)특약",선택특약,표준형,21687,종신,999,E,10년납,만15세~80세,만15세~80세,MAIN,UW21239
81812,"(무)통합항암약물방사선치료(전이암포함,8종)특약",선택특약,표준형,21687,종신,999,E,15년납,만15세~70세,만15세~70세,MAIN,UW21239
81812,"(무)통합항암약물방사선치료(전이암포함,8종)특약",선택특약,표준형,21687,종신,999,E,20년납,만15세~70세,만15세~70세,MAIN,UW21239
81812,"(무)통합항암약물방사선치료(전이암포함,8종)특약",선택특약,표준형,21687,종신,999,E,30년납,만15세~70세,만15세~70세,MAIN,UW21239
81812,"(무)통합항암약물방사선치료(전이암포함,8종)특약",선택특약,표준형,21687,90세만기,90,S,10년납,만15세~75세,만15세~75세,MAIN,UW21239
81812,"(무)통합항암약물방사선치료(전이암포함,8종)특약",선택특약,표준형,21687,90세만기,90,S,15년납,만15세~70세,만15세~70세,MAIN,UW21239
81812,"(무)통합항암약물방사선치료(전이암포함,8종)특약",선택특약,표준형,21687,90세만기,90,S,20년납,만15세~70세,만15세~70세,MAIN,UW21239
81812,"(무)통합항암약물방사선치료(전이암포함,8종)특약",선택특약,표준형,21687,90세만기,90,S,30년납,만15세~60세,만15세~60세,MAIN,UW21239
81812,"(무)통합항암약물방사선치료(전이암포함,8종)특약",선택특약,표준형,21687,100세만기,100,S,10년납,만15세~80세,만15세~80세,MAIN,UW21239
81812,"(무)통합항암약물방사선치료(전이암포함,8종)특약",선택특약,표준형,21687,100세만기,100,S,15년납,만15세~70세,만15세~70세,MAIN,UW21239
81812,"(무)통합항암약물방사선치료(전이암포함,8종)특약",선택특약,표준형,21687,100세만기,100,S,20년납,만15세~70세,만15세~70세,MAIN,UW21239
81812,"(무)통합항암약물방사선치료(전이암포함,8종)특약",선택특약,표준형,21687,100세만기,100,S,30년납,만15세~70세,만15세~70세,MAIN,UW21239
81813,"(무)통합항암약물방사선치료(전이암포함,9종)특약",선택특약,해약환급금V2,21686,종신,999,E,10년납,만15세~80세,만15세~80세,MAIN,UW21239
81813,"(무)통합항암약물방사선치료(전이암포함,9종)특약",선택특약,해약환급금V2,21686,종신,999,E,15년납,만15세~70세,만15세~70세,MAIN,UW21239
81813,"(무)통합항암약물방사선치료(전이암포함,9종)특약",선택특약,해약환급금V2,21686,종신,999,E,20년납,만15세~70세,만15세~70세,MAIN,UW21239
81813,"(무)통합항암약물방사선치료(전이암포함,9종)특약",선택특약,해약환급금V2,21686,종신,999,E,30년납,만15세~70세,만15세~70세,MAIN,UW21239
81813,"(무)통합항암약물방사선치료(전이암포함,9종)특약",선택특약,해약환급금V2,21686,90세만기,90,S,10년납,만15세~75세,만15세~75세,MAIN,UW21239
81813,"(무)통합항암약물방사선치료(전이암포함,9종)특약",선택특약,해약환급금V2,21686,90세만기,90,S,15년납,만15세~70세,만15세~70세,MAIN,UW21239
81813,"(무)통합항암약물방사선치료(전이암포함,9종)특약",선택특약,해약환급금V2,21686,90세만기,90,S,20년납,만15세~70세,만15세~70세,MAIN,UW21239
81813,"(무)통합항암약물방사선치료(전이암포함,9종)특약",선택특약,해약환급금V2,21686,90세만기,90,S,30년납,만15세~60세,만15세~60세,MAIN,UW21239
81813,"(무)통합항암약물방사선치료(전이암포함,9종)특약",선택특약,해약환급금V2,21686,100세만기,100,S,10년납,만15세~80세,만15세~80세,MAIN,UW21239
81813,"(무)통합항암약물방사선치료(전이암포함,9종)특약",선택특약,해약환급금V2,21686,100세만기,100,S,15년납,만15세~70세,만15세~70세,MAIN,UW21239
81813,"(무)통합항암약물방사선치료(전이암포함,9종)특약",선택특약,해약환급금V2,21686,100세만기,100,S,20년납,만15세~70세,만15세~70세,MAIN,UW21239
81813,"(무)통합항암약물방사선치료(전이암포함,9종)특약",선택특약,해약환급금V2,21686,100세만기,100,S,30년납,만15세~70세,만15세~70세,MAIN,UW21239
81814,"(무)통합항암약물방사선치료(전이암포함,9종)특약",선택특약,표준형,21687,종신,999,E,10년납,만15세~80세,만15세~80세,MAIN,UW21239
81814,"(무)통합항암약물방사선치료(전이암포함,9종)특약",선택특약,표준형,21687,종신,999,E,15년납,만15세~70세,만15세~70세,MAIN,UW21239
81814,"(무)통합항암약물방사선치료(전이암포함,9종)특약",선택특약,표준형,21687,종신,999,E,20년납,만15세~70세,만15세~70세,MAIN,UW21239
81814,"(무)통합항암약물방사선치료(전이암포함,9종)특약",선택특약,표준형,21687,종신,999,E,30년납,만15세~70세,만15세~70세,MAIN,UW21239
81814,"(무)통합항암약물방사선치료(전이암포함,9종)특약",선택특약,표준형,21687,90세만기,90,S,10년납,만15세~75세,만15세~75세,MAIN,UW21239
81814,"(무)통합항암약물방사선치료(전이암포함,9종)특약",선택특약,표준형,21687,90세만기,90,S,15년납,만15세~70세,만15세~70세,MAIN,UW21239
81814,"(무)통합항암약물방사선치료(전이암포함,9종)특약",선택특약,표준형,21687,90세만기,90,S,20년납,만15세~70세,만15세~70세,MAIN,UW21239
81814,"(무)통합항암약물방사선치료(전이암포함,9종)특약",선택특약,표준형,21687,90세만기,90,S,30년납,만15세~60세,만15세~60세,MAIN,UW21239
81814,"(무)통합항암약물방사선치료(전이암포함,9종)특약",선택특약,표준형,21687,100세만기,100,S,10년납,만15세~80세,만15세~80세,MAIN,UW21239
81814,"(무)통합항암약물방사선치료(전이암포함,9종)특약",선택특약,표준형,21687,100세만기,100,S,15년납,만15세~70세,만15세~70세,MAIN,UW21239
81814,"(무)통합항암약물방사선치료(전이암포함,9종)특약",선택특약,표준형,21687,100세만기,100,S,20년납,만15세~70세,만15세~70세,MAIN,UW21239
81814,"(무)통합항암약물방사선치료(전이암포함,9종)특약",선택특약,표준형,21687,100세만기,100,S,30년납,만15세~70세,만15세~70세,MAIN,UW21239
81815,"(무)통합항암약물방사선치료(전이암포함,10종)특약",선택특약,해약환급금V2,21686,종신,999,E,10년납,만15세~80세,만15세~80세,MAIN,UW21239
81815,"(무)통합항암약물방사선치료(전이암포함,10종)특약",선택특약,해약환급금V2,21686,종신,999,E,15년납,만15세~70세,만15세~70세,MAIN,UW21239
81815,"(무)통합항암약물방사선치료(전이암포함,10종)특약",선택특약,해약환급금V2,21686,종신,999,E,20년납,만15세~70세,만15세~70세,MAIN,UW21239
81815,"(무)통합항암약물방사선치료(전이암포함,10종)특약",선택특약,해약환급금V2,21686,종신,999,E,30년납,만15세~70세,만15세~70세,MAIN,UW21239
81815,"(무)통합항암약물방사선치료(전이암포함,10종)특약",선택특약,해약환급금V2,21686,90세만기,90,S,10년납,만15세~75세,만15세~75세,MAIN,UW21239
81815,"(무)통합항암약물방사선치료(전이암포함,10종)특약",선택특약,해약환급금V2,21686,90세만기,90,S,15년납,만15세~70세,만15세~70세,MAIN,UW21239
81815,"(무)통합항암약물방사선치료(전이암포함,10종)특약",선택특약,해약환급금V2,21686,90세만기,90,S,20년납,만15세~70세,만15세~70세,MAIN,UW21239
81815,"(무)통합항암약물방사선치료(전이암포함,10종)특약",선택특약,해약환급금V2,21686,90세만기,90,S,30년납,만15세~60세,만15세~60세,MAIN,UW21239
81815,"(무)통합항암약물방사선치료(전이암포함,10종)특약",선택특약,해약환급금V2,21686,100세만기,100,S,10년납,만15세~80세,만15세~80세,MAIN,UW21239
81815,"(무)통합항암약물방사선치료(전이암포함,10종)특약",선택특약,해약환급금V2,21686,100세만기,100,S,15년납,만15세~70세,만15세~70세,MAIN,UW21239
81815,"(무)통합항암약물방사선치료(전이암포함,10종)특약",선택특약,해약환급금V2,21686,100세만기,100,S,20년납,만15세~70세,만15세~70세,MAIN,UW21239
81815,"(무)통합항암약물방사선치료(전이암포함,10종)특약",선택특약,해약환급금V2,21686,100세만기,100,S,30년납,만15세~70세,만15세~70세,MAIN,UW21239
81816,"(무)통합항암약물방사선치료(전이암포함,10종)특약",선택특약,표준형,21687,종신,999,E,10년납,만15세~80세,만15세~80세,MAIN,UW21239
81816,"(무)통합항암약물방사선치료(전이암포함,10종)특약",선택특약,표준형,21687,종신,999,E,15년납,만15세~70세,만15세~70세,MAIN,UW21239
81816,"(무)통합항암약물방사선치료(전이암포함,10종)특약",선택특약,표준형,21687,종신,999,E,20년납,만15세~70세,만15세~70세,MAIN,UW21239
81816,"(무)통합항암약물방사선치료(전이암포함,10종)특약",선택특약,표준형,21687,종신,999,E,30년납,만15세~70세,만15세~70세,MAIN,UW21239
81816,"(무)통합항암약물방사선치료(전이암포함,10종)특약",선택특약,표준형,21687,90세만기,90,S,10년납,만15세~75세,만15세~75세,MAIN,UW21239
81816,"(무)통합항암약물방사선치료(전이암포함,10종)특약",선택특약,표준형,21687,90세만기,90,S,15년납,만15세~70세,만15세~70세,MAIN,UW21239
81816,"(무)통합항암약물방사선치료(전이암포함,10종)특약",선택특약,표준형,21687,90세만기,90,S,20년납,만15세~70세,만15세~70세,MAIN,UW21239
81816,"(무)통합항암약물방사선치료(전이암포함,10종)특약",선택특약,표준형,21687,90세만기,90,S,30년납,만15세~60세,만15세~60세,MAIN,UW21239
81816,"(무)통합항암약물방사선치료(전이암포함,10종)특약",선택특약,표준형,21687,100세만기,100,S,10년납,만15세~80세,만15세~80세,MAIN,UW21239
81816,"(무)통합항암약물방사선치료(전이암포함,10종)특약",선택특약,표준형,21687,100세만기,100,S,15년납,만15세~70세,만15세~70세,MAIN,UW21239
81816,"(무)통합항암약물방사선치료(전이암포함,10종)특약",선택특약,표준형,21687,100세만기,100,S,20년납,만15세~70세,만15세~70세,MAIN,UW21239
81816,"(무)통합항암약물방사선치료(전이암포함,10종)특약",선택특약,표준형,21687,100세만기,100,S,30년납,만15세~70세,만15세~70세,MAIN,UW21239
81817,(무)매년계속받는암진단특약,선택특약,해약환급금V2,21686,종신,999,E,10년납,만15세~80세,만15세~80세,MAIN,UW21239
81817,(무)매년계속받는암진단특약,선택특약,해약환급금V2,21686,종신,999,E,15년납,만15세~70세,만15세~70세,MAIN,UW21239
81817,(무)매년계속받는암진단특약,선택특약,해약환급금V2,21686,종신,999,E,20년납,만15세~70세,만15세~70세,MAIN,UW21239
81817,(무)매년계속받는암진단특약,선택특약,해약환급금V2,21686,종신,999,E,30년납,만15세~70세,만15세~70세,MAIN,UW21239
81817,(무)매년계속받는암진단특약,선택특약,해약환급금V2,21686,90세만기,90,S,10년납,만15세~75세,만15세~75세,MAIN,UW21239
81817,(무)매년계속받는암진단특약,선택특약,해약환급금V2,21686,90세만기,90,S,15년납,만15세~70세,만15세~70세,MAIN,UW21239
81817,(무)매년계속받는암진단특약,선택특약,해약환급금V2,21686,90세만기,90,S,20년납,만15세~70세,만15세~70세,MAIN,UW21239
81817,(무)매년계속받는암진단특약,선택특약,해약환급금V2,21686,90세만기,90,S,30년납,만15세~60세,만15세~60세,MAIN,UW21239
81817,(무)매년계속받는암진단특약,선택특약,해약환급금V2,21686,100세만기,100,S,10년납,만15세~80세,만15세~80세,MAIN,UW21239
81817,(무)매년계속받는암진단특약,선택특약,해약환급금V2,21686,100세만기,100,S,15년납,만15세~70세,만15세~70세,MAIN,UW21239
81817,(무)매년계속받는암진단특약,선택특약,해약환급금V2,21686,100세만기,100,S,20년납,만15세~70세,만15세~70세,MAIN,UW21239
81817,(무)매년계속받는암진단특약,선택특약,해약환급금V2,21686,100세만기,100,S,30년납,만15세~70세,만15세~70세,MAIN,UW21239
81818,(무)매년계속받는암진단특약,선택특약,표준형,21687,종신,999,E,10년납,만15세~80세,만15세~80세,MAIN,UW21239
81818,(무)매년계속받는암진단특약,선택특약,표준형,21687,종신,999,E,15년납,만15세~70세,만15세~70세,MAIN,UW21239
81818,(무)매년계속받는암진단특약,선택특약,표준형,21687,종신,999,E,20년납,만15세~70세,만15세~70세,MAIN,UW21239
81818,(무)매년계속받는암진단특약,선택특약,표준형,21687,종신,999,E,30년납,만15세~70세,만15세~70세,MAIN,UW21239
81818,(무)매년계속받는암진단특약,선택특약,표준형,21687,90세만기,90,S,10년납,만15세~75세,만15세~75세,MAIN,UW21239
81818,(무)매년계속받는암진단특약,선택특약,표준형,21687,90세만기,90,S,15년납,만15세~70세,만15세~70세,MAIN,UW21239
81818,(무)매년계속받는암진단특약,선택특약,표준형,21687,90세만기,90,S,20년납,만15세~70세,만15세~70세,MAIN,UW21239
81818,(무)매년계속받는암진단특약,선택특약,표준형,21687,90세만기,90,S,30년납,만15세~60세,만15세~60세,MAIN,UW21239
81818,(무)매년계속받는암진단특약,선택특약,표준형,21687,100세만기,100,S,10년납,만15세~80세,만15세~80세,MAIN,UW21239
81818,(무)매년계속받는암진단특약,선택특약,표준형,21687,100세만기,100,S,15년납,만15세~70세,만15세~70세,MAIN,UW21239
81818,(무)매년계속받는암진단특약,선택특약,표준형,21687,100세만기,100,S,20년납,만15세~70세,만15세~70세,MAIN,UW21239
81818,(무)매년계속받는암진단특약,선택특약,표준형,21687,100세만기,100,S,30년납,만15세~70세,만15세~70세,MAIN,UW21239
81819,(무)원투쓰리암진단특약,선택특약,해약환급금V2,21686,종신,999,E,10년납,만15세~80세,만15세~80세,MAIN,UW21239
81819,(무)원투쓰리암진단특약,선택특약,해약환급금V2,21686,종신,999,E,15년납,만15세~70세,만15세~70세,MAIN,UW21239
81819,(무)원투쓰리암진단특약,선택특약,해약환급금V2,21686,종신,999,E,20년납,만15세~70세,만15세~70세,MAIN,UW21239
81819,(무)원투쓰리암진단특약,선택특약,해약환급금V2,21686,종신,999,E,30년납,만15세~70세,만15세~70세,MAIN,UW21239
81819,(무)원투쓰리암진단특약,선택특약,해약환급금V2,21686,90세만기,90,S,10년납,만15세~75세,만15세~75세,MAIN,UW21239
81819,(무)원투쓰리암진단특약,선택특약,해약환급금V2,21686,90세만기,90,S,15년납,만15세~70세,만15세~70세,MAIN,UW21239
81819,(무)원투쓰리암진단특약,선택특약,해약환급금V2,21686,90세만기,90,S,20년납,만15세~70세,만15세~70세,MAIN,UW21239
81819,(무)원투쓰리암진단특약,선택특약,해약환급금V2,21686,90세만기,90,S,30년납,만15세~60세,만15세~60세,MAIN,UW21239
81819,(무)원투쓰리암진단특약,선택특약,해약환급금V2,21686,100세만기,100,S,10년납,만15세~80세,만15세~80세,MAIN,UW21239
81819,(무)원투쓰리암진단특약,선택특약,해약환급금V2,21686,100세만기,100,S,15년납,만15세~70세,만15세~70세,MAIN,UW21239
81819,(무)원투쓰리암진단특약,선택특약,해약환급금V2,21686,100세만기,100,S,20년납,만15세~70세,만15세~70세,MAIN,UW21239
81819,(무)원투쓰리암진단특약,선택특약,해약환급금V2,21686,100세만기,100,S,30년납,만15세~70세,만15세~70세,MAIN,UW21239
81820,(무)원투쓰리암진단특약,선택특약,표준형,21687,종신,999,E,10년납,만15세~80세,만15세~80세,MAIN,UW21239
81820,(무)원투쓰리암진단특약,선택특약,표준형,21687,종신,999,E,15년납,만15세~70세,만15세~70세,MAIN,UW21239
81820,(무)원투쓰리암진단특약,선택특약,표준형,21687,종신,999,E,20년납,만15세~70세,만15세~70세,MAIN,UW21239
81820,(무)원투쓰리암진단특약,선택특약,표준형,21687,종신,999,E,30년납,만15세~70세,만15세~70세,MAIN,UW21239
81820,(무)원투쓰리암진단특약,선택특약,표준형,21687,90세만기,90,S,10년납,만15세~75세,만15세~75세,MAIN,UW21239
81820,(무)원투쓰리암진단특약,선택특약,표준형,21687,90세만기,90,S,15년납,만15세~70세,만15세~70세,MAIN,UW21239
81820,(무)원투쓰리암진단특약,선택특약,표준형,21687,90세만기,90,S,20년납,만15세~70세,만15세~70세,MAIN,UW21239
81820,(무)원투쓰리암진단특약,선택특약,표준형,21687,90세만기,90,S,30년납,만15세~60세,만15세~60세,MAIN,UW21239
81820,(무)원투쓰리암진단특약,선택특약,표준형,21687,100세만기,100,S,10년납,만15세~80세,만15세~80세,MAIN,UW21239
81820,(무)원투쓰리암진단특약,선택특약,표준형,21687,100세만기,100,S,15년납,만15세~70세,만15세~70세,MAIN,UW21239
81820,(무)원투쓰리암진단특약,선택특약,표준형,21687,100세만기,100,S,20년납,만15세~70세,만15세~70세,MAIN,UW21239
81820,(무)원투쓰리암진단특약,선택특약,표준형,21687,100세만기,100,S,30년납,만15세~70세,만15세~70세,MAIN,UW21239
81825,(무)항암약물치료특약Ⅴ,선택특약,해약환급금V2,21686,종신,999,E,10년납,만15세~80세,만15세~80세,MAIN,UW21239
81825,(무)항암약물치료특약Ⅴ,선택특약,해약환급금V2,21686,종신,999,E,15년납,만15세~70세,만15세~70세,MAIN,UW21239
81825,(무)항암약물치료특약Ⅴ,선택특약,해약환급금V2,21686,종신,999,E,20년납,만15세~70세,만15세~70세,MAIN,UW21239
81825,(무)항암약물치료특약Ⅴ,선택특약,해약환급금V2,21686,종신,999,E,30년납,만15세~70세,만15세~70세,MAIN,UW21239
81825,(무)항암약물치료특약Ⅴ,선택특약,해약환급금V2,21686,90세만기,90,S,10년납,만15세~75세,만15세~75세,MAIN,UW21239
81825,(무)항암약물치료특약Ⅴ,선택특약,해약환급금V2,21686,90세만기,90,S,15년납,만15세~70세,만15세~70세,MAIN,UW21239
81825,(무)항암약물치료특약Ⅴ,선택특약,해약환급금V2,21686,90세만기,90,S,20년납,만15세~70세,만15세~70세,MAIN,UW21239
81825,(무)항암약물치료특약Ⅴ,선택특약,해약환급금V2,21686,90세만기,90,S,30년납,만15세~60세,만15세~60세,MAIN,UW21239
81825,(무)항암약물치료특약Ⅴ,선택특약,해약환급금V2,21686,100세만기,100,S,10년납,만15세~80세,만15세~80세,MAIN,UW21239
81825,(무)항암약물치료특약Ⅴ,선택특약,해약환급금V2,21686,100세만기,100,S,15년납,만15세~70세,만15세~70세,MAIN,UW21239
81825,(무)항암약물치료특약Ⅴ,선택특약,해약환급금V2,21686,100세만기,100,S,20년납,만15세~70세,만15세~70세,MAIN,UW21239
81825,(무)항암약물치료특약Ⅴ,선택특약,해약환급금V2,21686,100세만기,100,S,30년납,만15세~70세,만15세~70세,MAIN,UW21239
81826,(무)항암약물치료특약Ⅴ,선택특약,표준형,21687,종신,999,E,10년납,만15세~80세,만15세~80세,MAIN,UW21239
81826,(무)항암약물치료특약Ⅴ,선택특약,표준형,21687,종신,999,E,15년납,만15세~70세,만15세~70세,MAIN,UW21239
81826,(무)항암약물치료특약Ⅴ,선택특약,표준형,21687,종신,999,E,20년납,만15세~70세,만15세~70세,MAIN,UW21239
81826,(무)항암약물치료특약Ⅴ,선택특약,표준형,21687,종신,999,E,30년납,만15세~70세,만15세~70세,MAIN,UW21239
81826,(무)항암약물치료특약Ⅴ,선택특약,표준형,21687,90세만기,90,S,10년납,만15세~75세,만15세~75세,MAIN,UW21239
81826,(무)항암약물치료특약Ⅴ,선택특약,표준형,21687,90세만기,90,S,15년납,만15세~70세,만15세~70세,MAIN,UW21239
81826,(무)항암약물치료특약Ⅴ,선택특약,표준형,21687,90세만기,90,S,20년납,만15세~70세,만15세~70세,MAIN,UW21239
81826,(무)항암약물치료특약Ⅴ,선택특약,표준형,21687,90세만기,90,S,30년납,만15세~60세,만15세~60세,MAIN,UW21239
81826,(무)항암약물치료특약Ⅴ,선택특약,표준형,21687,100세만기,100,S,10년납,만15세~80세,만15세~80세,MAIN,UW21239
81826,(무)항암약물치료특약Ⅴ,선택특약,표준형,21687,100세만기,100,S,15년납,만15세~70세,만15세~70세,MAIN,UW21239
81826,(무)항암약물치료특약Ⅴ,선택특약,표준형,21687,100세만기,100,S,20년납,만15세~70세,만15세~70세,MAIN,UW21239
81826,(무)항암약물치료특약Ⅴ,선택특약,표준형,21687,100세만기,100,S,30년납,만15세~70세,만15세~70세,MAIN,UW21239
81827,(무)항암방사선치료특약Ⅴ,선택특약,해약환급금V2,21686,종신,999,E,10년납,만15세~80세,만15세~80세,MAIN,UW21239
81827,(무)항암방사선치료특약Ⅴ,선택특약,해약환급금V2,21686,종신,999,E,15년납,만15세~70세,만15세~70세,MAIN,UW21239
81827,(무)항암방사선치료특약Ⅴ,선택특약,해약환급금V2,21686,종신,999,E,20년납,만15세~70세,만15세~70세,MAIN,UW21239
81827,(무)항암방사선치료특약Ⅴ,선택특약,해약환급금V2,21686,종신,999,E,30년납,만15세~70세,만15세~70세,MAIN,UW21239
81827,(무)항암방사선치료특약Ⅴ,선택특약,해약환급금V2,21686,90세만기,90,S,10년납,만15세~75세,만15세~75세,MAIN,UW21239
81827,(무)항암방사선치료특약Ⅴ,선택특약,해약환급금V2,21686,90세만기,90,S,15년납,만15세~70세,만15세~70세,MAIN,UW21239
81827,(무)항암방사선치료특약Ⅴ,선택특약,해약환급금V2,21686,90세만기,90,S,20년납,만15세~70세,만15세~70세,MAIN,UW21239
81827,(무)항암방사선치료특약Ⅴ,선택특약,해약환급금V2,21686,90세만기,90,S,30년납,만15세~60세,만15세~60세,MAIN,UW21239
81827,(무)항암방사선치료특약Ⅴ,선택특약,해약환급금V2,21686,100세만기,100,S,10년납,만15세~80세,만15세~80세,MAIN,UW21239
81827,(무)항암방사선치료특약Ⅴ,선택특약,해약환급금V2,21686,100세만기,100,S,15년납,만15세~70세,만15세~70세,MAIN,UW21239
81827,(무)항암방사선치료특약Ⅴ,선택특약,해약환급금V2,21686,100세만기,100,S,20년납,만15세~70세,만15세~70세,MAIN,UW21239
81827,(무)항암방사선치료특약Ⅴ,선택특약,해약환급금V2,21686,100세만기,100,S,30년납,만15세~70세,만15세~70세,MAIN,UW21239
81828,(무)항암방사선치료특약Ⅴ,선택특약,표준형,21687,종신,999,E,10년납,만15세~80세,만15세~80세,MAIN,UW21239
81828,(무)항암방사선치료특약Ⅴ,선택특약,표준형,21687,종신,999,E,15년납,만15세~70세,만15세~70세,MAIN,UW21239
81828,(무)항암방사선치료특약Ⅴ,선택특약,표준형,21687,종신,999,E,20년납,만15세~70세,만15세~70세,MAIN,UW21239
81828,(무)항암방사선치료특약Ⅴ,선택특약,표준형,21687,종신,999,E,30년납,만15세~70세,만15세~70세,MAIN,UW21239
81828,(무)항암방사선치료특약Ⅴ,선택특약,표준형,21687,90세만기,90,S,10년납,만15세~75세,만15세~75세,MAIN,UW21239
81828,(무)항암방사선치료특약Ⅴ,선택특약,표준형,21687,90세만기,90,S,15년납,만15세~70세,만15세~70세,MAIN,UW21239
81828,(무)항암방사선치료특약Ⅴ,선택특약,표준형,21687,90세만기,90,S,20년납,만15세~70세,만15세~70세,MAIN,UW21239
81828,(무)항암방사선치료특약Ⅴ,선택특약,표준형,21687,90세만기,90,S,30년납,만15세~60세,만15세~60세,MAIN,UW21239
81828,(무)항암방사선치료특약Ⅴ,선택특약,표준형,21687,100세만기,100,S,10년납,만15세~80세,만15세~80세,MAIN,UW21239
81828,(무)항암방사선치료특약Ⅴ,선택특약,표준형,21687,100세만기,100,S,15년납,만15세~70세,만15세~70세,MAIN,UW21239
81828,(무)항암방사선치료특약Ⅴ,선택특약,표준형,21687,100세만기,100,S,20년납,만15세~70세,만15세~70세,MAIN,UW21239
81828,(무)항암방사선치료특약Ⅴ,선택특약,표준형,21687,100세만기,100,S,30년납,만15세~70세,만15세~70세,MAIN,UW21239
81880,(무)전이암진단생활비특약,선택특약,해약환급금V2,21686,종신,999,E,10년납,만15세~80세,만15세~80세,MAIN,UW21239
81880,(무)전이암진단생활비특약,선택특약,해약환급금V2,21686,종신,999,E,15년납,만15세~70세,만15세~70세,MAIN,UW21239
81880,(무)전이암진단생활비특약,선택특약,해약환급금V2,21686,종신,999,E,20년납,만15세~70세,만15세~70세,MAIN,UW21239
81880,(무)전이암진단생활비특약,선택특약,해약환급금V2,21686,종신,999,E,30년납,만15세~70세,만15세~70세,MAIN,UW21239
81880,(무)전이암진단생활비특약,선택특약,해약환급금V2,21686,90세만기,90,S,10년납,만15세~75세,만15세~75세,MAIN,UW21239
81880,(무)전이암진단생활비특약,선택특약,해약환급금V2,21686,90세만기,90,S,15년납,만15세~70세,만15세~70세,MAIN,UW21239
81880,(무)전이암진단생활비특약,선택특약,해약환급금V2,21686,90세만기,90,S,20년납,만15세~70세,만15세~70세,MAIN,UW21239
81880,(무)전이암진단생활비특약,선택특약,해약환급금V2,21686,90세만기,90,S,30년납,만15세~60세,만15세~60세,MAIN,UW21239
81880,(무)전이암진단생활비특약,선택특약,해약환급금V2,21686,100세만기,100,S,10년납,만15세~80세,만15세~80세,MAIN,UW21239
81880,(무)전이암진단생활비특약,선택특약,해약환급금V2,21686,100세만기,100,S,15년납,만15세~70세,만15세~70세,MAIN,UW21239
81880,(무)전이암진단생활비특약,선택특약,해약환급금V2,21686,100세만기,100,S,20년납,만15세~70세,만15세~70세,MAIN,UW21239
81880,(무)전이암진단생활비특약,선택특약,해약환급금V2,21686,100세만기,100,S,30년납,만15세~70세,만15세~70세,MAIN,UW21239
81881,(무)전이암진단생활비특약,선택특약,표준형,21687,종신,999,E,10년납,만15세~80세,만15세~80세,MAIN,UW21239
81881,(무)전이암진단생활비특약,선택특약,표준형,21687,종신,999,E,15년납,만15세~70세,만15세~70세,MAIN,UW21239
81881,(무)전이암진단생활비특약,선택특약,표준형,21687,종신,999,E,20년납,만15세~70세,만15세~70세,MAIN,UW21239
81881,(무)전이암진단생활비특약,선택특약,표준형,21687,종신,999,E,30년납,만15세~70세,만15세~70세,MAIN,UW21239
81881,(무)전이암진단생활비특약,선택특약,표준형,21687,90세만기,90,S,10년납,만15세~75세,만15세~75세,MAIN,UW21239
81881,(무)전이암진단생활비특약,선택특약,표준형,21687,90세만기,90,S,15년납,만15세~70세,만15세~70세,MAIN,UW21239
81881,(무)전이암진단생활비특약,선택특약,표준형,21687,90세만기,90,S,20년납,만15세~70세,만15세~70세,MAIN,UW21239
81881,(무)전이암진단생활비특약,선택특약,표준형,21687,90세만기,90,S,30년납,만15세~60세,만15세~60세,MAIN,UW21239
81881,(무)전이암진단생활비특약,선택특약,표준형,21687,100세만기,100,S,10년납,만15세~80세,만15세~80세,MAIN,UW21239
81881,(무)전이암진단생활비특약,선택특약,표준형,21687,100세만기,100,S,15년납,만15세~70세,만15세~70세,MAIN,UW21239
81881,(무)전이암진단생활비특약,선택특약,표준형,21687,100세만기,100,S,20년납,만15세~70세,만15세~70세,MAIN,UW21239
81881,(무)전이암진단생활비특약,선택특약,표준형,21687,100세만기,100,S,30년납,만15세~70세,만15세~70세,MAIN,UW21239
81932,"(무)상급종합병원,국립암센터통합암주요치료(전이암포함,1종)특약(연간1회한)",선택특약,해약환급금V2,21686,종신,999,E,10년납,만15세~80세,만15세~80세,MAIN,UW21239
81932,"(무)상급종합병원,국립암센터통합암주요치료(전이암포함,1종)특약(연간1회한)",선택특약,해약환급금V2,21686,종신,999,E,15년납,만15세~70세,만15세~70세,MAIN,UW21239
81932,"(무)상급종합병원,국립암센터통합암주요치료(전이암포함,1종)특약(연간1회한)",선택특약,해약환급금V2,21686,종신,999,E,20년납,만15세~70세,만15세~70세,MAIN,UW21239
81932,"(무)상급종합병원,국립암센터통합암주요치료(전이암포함,1종)특약(연간1회한)",선택특약,해약환급금V2,21686,종신,999,E,30년납,만15세~70세,만15세~70세,MAIN,UW21239
81932,"(무)상급종합병원,국립암센터통합암주요치료(전이암포함,1종)특약(연간1회한)",선택특약,해약환급금V2,21686,90세만기,90,S,10년납,만15세~75세,만15세~75세,MAIN,UW21239
81932,"(무)상급종합병원,국립암센터통합암주요치료(전이암포함,1종)특약(연간1회한)",선택특약,해약환급금V2,21686,90세만기,90,S,15년납,만15세~70세,만15세~70세,MAIN,UW21239
81932,"(무)상급종합병원,국립암센터통합암주요치료(전이암포함,1종)특약(연간1회한)",선택특약,해약환급금V2,21686,90세만기,90,S,20년납,만15세~70세,만15세~70세,MAIN,UW21239
81932,"(무)상급종합병원,국립암센터통합암주요치료(전이암포함,1종)특약(연간1회한)",선택특약,해약환급금V2,21686,90세만기,90,S,30년납,만15세~60세,만15세~60세,MAIN,UW21239
81932,"(무)상급종합병원,국립암센터통합암주요치료(전이암포함,1종)특약(연간1회한)",선택특약,해약환급금V2,21686,100세만기,100,S,10년납,만15세~80세,만15세~80세,MAIN,UW21239
81932,"(무)상급종합병원,국립암센터통합암주요치료(전이암포함,1종)특약(연간1회한)",선택특약,해약환급금V2,21686,100세만기,100,S,15년납,만15세~70세,만15세~70세,MAIN,UW21239
81932,"(무)상급종합병원,국립암센터통합암주요치료(전이암포함,1종)특약(연간1회한)",선택특약,해약환급금V2,21686,100세만기,100,S,20년납,만15세~70세,만15세~70세,MAIN,UW21239
81932,"(무)상급종합병원,국립암센터통합암주요치료(전이암포함,1종)특약(연간1회한)",선택특약,해약환급금V2,21686,100세만기,100,S,30년납,만15세~70세,만15세~70세,MAIN,UW21239
81933,"(무)상급종합병원,국립암센터통합암주요치료(전이암포함,1종)특약(연간1회한)",선택특약,표준형,21687,종신,999,E,10년납,만15세~80세,만15세~80세,MAIN,UW21239
81933,"(무)상급종합병원,국립암센터통합암주요치료(전이암포함,1종)특약(연간1회한)",선택특약,표준형,21687,종신,999,E,15년납,만15세~70세,만15세~70세,MAIN,UW21239
81933,"(무)상급종합병원,국립암센터통합암주요치료(전이암포함,1종)특약(연간1회한)",선택특약,표준형,21687,종신,999,E,20년납,만15세~70세,만15세~70세,MAIN,UW21239
81933,"(무)상급종합병원,국립암센터통합암주요치료(전이암포함,1종)특약(연간1회한)",선택특약,표준형,21687,종신,999,E,30년납,만15세~70세,만15세~70세,MAIN,UW21239
81933,"(무)상급종합병원,국립암센터통합암주요치료(전이암포함,1종)특약(연간1회한)",선택특약,표준형,21687,90세만기,90,S,10년납,만15세~75세,만15세~75세,MAIN,UW21239
81933,"(무)상급종합병원,국립암센터통합암주요치료(전이암포함,1종)특약(연간1회한)",선택특약,표준형,21687,90세만기,90,S,15년납,만15세~70세,만15세~70세,MAIN,UW21239
81933,"(무)상급종합병원,국립암센터통합암주요치료(전이암포함,1종)특약(연간1회한)",선택특약,표준형,21687,90세만기,90,S,20년납,만15세~70세,만15세~70세,MAIN,UW21239
81933,"(무)상급종합병원,국립암센터통합암주요치료(전이암포함,1종)특약(연간1회한)",선택특약,표준형,21687,90세만기,90,S,30년납,만15세~60세,만15세~60세,MAIN,UW21239
81933,"(무)상급종합병원,국립암센터통합암주요치료(전이암포함,1종)특약(연간1회한)",선택특약,표준형,21687,100세만기,100,S,10년납,만15세~80세,만15세~80세,MAIN,UW21239
81933,"(무)상급종합병원,국립암센터통합암주요치료(전이암포함,1종)특약(연간1회한)",선택특약,표준형,21687,100세만기,100,S,15년납,만15세~70세,만15세~70세,MAIN,UW21239
81933,"(무)상급종합병원,국립암센터통합암주요치료(전이암포함,1종)특약(연간1회한)",선택특약,표준형,21687,100세만기,100,S,20년납,만15세~70세,만15세~70세,MAIN,UW21239
81933,"(무)상급종합병원,국립암센터통합암주요치료(전이암포함,1종)특약(연간1회한)",선택특약,표준형,21687,100세만기,100,S,30년납,만15세~70세,만15세~70세,MAIN,UW21239
81960,"(무)상급종합병원,국립암센터통합암주요치료(전이암포함,2종)특약(연간1회한)",선택특약,해약환급금V2,21686,종신,999,E,10년납,만15세~80세,만15세~80세,MAIN,UW21239
81960,"(무)상급종합병원,국립암센터통합암주요치료(전이암포함,2종)특약(연간1회한)",선택특약,해약환급금V2,21686,종신,999,E,15년납,만15세~70세,만15세~70세,MAIN,UW21239
81960,"(무)상급종합병원,국립암센터통합암주요치료(전이암포함,2종)특약(연간1회한)",선택특약,해약환급금V2,21686,종신,999,E,20년납,만15세~70세,만15세~70세,MAIN,UW21239
81960,"(무)상급종합병원,국립암센터통합암주요치료(전이암포함,2종)특약(연간1회한)",선택특약,해약환급금V2,21686,종신,999,E,30년납,만15세~70세,만15세~70세,MAIN,UW21239
81960,"(무)상급종합병원,국립암센터통합암주요치료(전이암포함,2종)특약(연간1회한)",선택특약,해약환급금V2,21686,90세만기,90,S,10년납,만15세~75세,만15세~75세,MAIN,UW21239
81960,"(무)상급종합병원,국립암센터통합암주요치료(전이암포함,2종)특약(연간1회한)",선택특약,해약환급금V2,21686,90세만기,90,S,15년납,만15세~70세,만15세~70세,MAIN,UW21239
81960,"(무)상급종합병원,국립암센터통합암주요치료(전이암포함,2종)특약(연간1회한)",선택특약,해약환급금V2,21686,90세만기,90,S,20년납,만15세~70세,만15세~70세,MAIN,UW21239
81960,"(무)상급종합병원,국립암센터통합암주요치료(전이암포함,2종)특약(연간1회한)",선택특약,해약환급금V2,21686,90세만기,90,S,30년납,만15세~60세,만15세~60세,MAIN,UW21239
81960,"(무)상급종합병원,국립암센터통합암주요치료(전이암포함,2종)특약(연간1회한)",선택특약,해약환급금V2,21686,100세만기,100,S,10년납,만15세~80세,만15세~80세,MAIN,UW21239
81960,"(무)상급종합병원,국립암센터통합암주요치료(전이암포함,2종)특약(연간1회한)",선택특약,해약환급금V2,21686,100세만기,100,S,15년납,만15세~70세,만15세~70세,MAIN,UW21239
81960,"(무)상급종합병원,국립암센터통합암주요치료(전이암포함,2종)특약(연간1회한)",선택특약,해약환급금V2,21686,100세만기,100,S,20년납,만15세~70세,만15세~70세,MAIN,UW21239
81960,"(무)상급종합병원,국립암센터통합암주요치료(전이암포함,2종)특약(연간1회한)",선택특약,해약환급금V2,21686,100세만기,100,S,30년납,만15세~70세,만15세~70세,MAIN,UW21239
81961,"(무)상급종합병원,국립암센터통합암주요치료(전이암포함,2종)특약(연간1회한)",선택특약,표준형,21687,종신,999,E,10년납,만15세~80세,만15세~80세,MAIN,UW21239
81961,"(무)상급종합병원,국립암센터통합암주요치료(전이암포함,2종)특약(연간1회한)",선택특약,표준형,21687,종신,999,E,15년납,만15세~70세,만15세~70세,MAIN,UW21239
81961,"(무)상급종합병원,국립암센터통합암주요치료(전이암포함,2종)특약(연간1회한)",선택특약,표준형,21687,종신,999,E,20년납,만15세~70세,만15세~70세,MAIN,UW21239
81961,"(무)상급종합병원,국립암센터통합암주요치료(전이암포함,2종)특약(연간1회한)",선택특약,표준형,21687,종신,999,E,30년납,만15세~70세,만15세~70세,MAIN,UW21239
81961,"(무)상급종합병원,국립암센터통합암주요치료(전이암포함,2종)특약(연간1회한)",선택특약,표준형,21687,90세만기,90,S,10년납,만15세~75세,만15세~75세,MAIN,UW21239
81961,"(무)상급종합병원,국립암센터통합암주요치료(전이암포함,2종)특약(연간1회한)",선택특약,표준형,21687,90세만기,90,S,15년납,만15세~70세,만15세~70세,MAIN,UW21239
81961,"(무)상급종합병원,국립암센터통합암주요치료(전이암포함,2종)특약(연간1회한)",선택특약,표준형,21687,90세만기,90,S,20년납,만15세~70세,만15세~70세,MAIN,UW21239
81961,"(무)상급종합병원,국립암센터통합암주요치료(전이암포함,2종)특약(연간1회한)",선택특약,표준형,21687,90세만기,90,S,30년납,만15세~60세,만15세~60세,MAIN,UW21239
81961,"(무)상급종합병원,국립암센터통합암주요치료(전이암포함,2종)특약(연간1회한)",선택특약,표준형,21687,100세만기,100,S,10년납,만15세~80세,만15세~80세,MAIN,UW21239
81961,"(무)상급종합병원,국립암센터통합암주요치료(전이암포함,2종)특약(연간1회한)",선택특약,표준형,21687,100세만기,100,S,15년납,만15세~70세,만15세~70세,MAIN,UW21239
81961,"(무)상급종합병원,국립암센터통합암주요치료(전이암포함,2종)특약(연간1회한)",선택특약,표준형,21687,100세만기,100,S,20년납,만15세~70세,만15세~70세,MAIN,UW21239
81961,"(무)상급종합병원,국립암센터통합암주요치료(전이암포함,2종)특약(연간1회한)",선택특약,표준형,21687,100세만기,100,S,30년납,만15세~70세,만15세~70세,MAIN,UW21239
81962,"(무)상급종합병원,국립암센터통합암주요치료(전이암포함,3종)특약(연간1회한)",선택특약,해약환급금V2,21686,종신,999,E,10년납,만15세~80세,만15세~80세,MAIN,UW21239
81962,"(무)상급종합병원,국립암센터통합암주요치료(전이암포함,3종)특약(연간1회한)",선택특약,해약환급금V2,21686,종신,999,E,15년납,만15세~70세,만15세~70세,MAIN,UW21239
81962,"(무)상급종합병원,국립암센터통합암주요치료(전이암포함,3종)특약(연간1회한)",선택특약,해약환급금V2,21686,종신,999,E,20년납,만15세~70세,만15세~70세,MAIN,UW21239
81962,"(무)상급종합병원,국립암센터통합암주요치료(전이암포함,3종)특약(연간1회한)",선택특약,해약환급금V2,21686,종신,999,E,30년납,만15세~70세,만15세~70세,MAIN,UW21239
81962,"(무)상급종합병원,국립암센터통합암주요치료(전이암포함,3종)특약(연간1회한)",선택특약,해약환급금V2,21686,90세만기,90,S,10년납,만15세~75세,만15세~75세,MAIN,UW21239
81962,"(무)상급종합병원,국립암센터통합암주요치료(전이암포함,3종)특약(연간1회한)",선택특약,해약환급금V2,21686,90세만기,90,S,15년납,만15세~70세,만15세~70세,MAIN,UW21239
81962,"(무)상급종합병원,국립암센터통합암주요치료(전이암포함,3종)특약(연간1회한)",선택특약,해약환급금V2,21686,90세만기,90,S,20년납,만15세~70세,만15세~70세,MAIN,UW21239
81962,"(무)상급종합병원,국립암센터통합암주요치료(전이암포함,3종)특약(연간1회한)",선택특약,해약환급금V2,21686,90세만기,90,S,30년납,만15세~60세,만15세~60세,MAIN,UW21239
81962,"(무)상급종합병원,국립암센터통합암주요치료(전이암포함,3종)특약(연간1회한)",선택특약,해약환급금V2,21686,100세만기,100,S,10년납,만15세~80세,만15세~80세,MAIN,UW21239
81962,"(무)상급종합병원,국립암센터통합암주요치료(전이암포함,3종)특약(연간1회한)",선택특약,해약환급금V2,21686,100세만기,100,S,15년납,만15세~70세,만15세~70세,MAIN,UW21239
81962,"(무)상급종합병원,국립암센터통합암주요치료(전이암포함,3종)특약(연간1회한)",선택특약,해약환급금V2,21686,100세만기,100,S,20년납,만15세~70세,만15세~70세,MAIN,UW21239
81962,"(무)상급종합병원,국립암센터통합암주요치료(전이암포함,3종)특약(연간1회한)",선택특약,해약환급금V2,21686,100세만기,100,S,30년납,만15세~70세,만15세~70세,MAIN,UW21239
81963,"(무)상급종합병원,국립암센터통합암주요치료(전이암포함,3종)특약(연간1회한)",선택특약,표준형,21687,종신,999,E,10년납,만15세~80세,만15세~80세,MAIN,UW21239
81963,"(무)상급종합병원,국립암센터통합암주요치료(전이암포함,3종)특약(연간1회한)",선택특약,표준형,21687,종신,999,E,15년납,만15세~70세,만15세~70세,MAIN,UW21239
81963,"(무)상급종합병원,국립암센터통합암주요치료(전이암포함,3종)특약(연간1회한)",선택특약,표준형,21687,종신,999,E,20년납,만15세~70세,만15세~70세,MAIN,UW21239
81963,"(무)상급종합병원,국립암센터통합암주요치료(전이암포함,3종)특약(연간1회한)",선택특약,표준형,21687,종신,999,E,30년납,만15세~70세,만15세~70세,MAIN,UW21239
81963,"(무)상급종합병원,국립암센터통합암주요치료(전이암포함,3종)특약(연간1회한)",선택특약,표준형,21687,90세만기,90,S,10년납,만15세~75세,만15세~75세,MAIN,UW21239
81963,"(무)상급종합병원,국립암센터통합암주요치료(전이암포함,3종)특약(연간1회한)",선택특약,표준형,21687,90세만기,90,S,15년납,만15세~70세,만15세~70세,MAIN,UW21239
81963,"(무)상급종합병원,국립암센터통합암주요치료(전이암포함,3종)특약(연간1회한)",선택특약,표준형,21687,90세만기,90,S,20년납,만15세~70세,만15세~70세,MAIN,UW21239
81963,"(무)상급종합병원,국립암센터통합암주요치료(전이암포함,3종)특약(연간1회한)",선택특약,표준형,21687,90세만기,90,S,30년납,만15세~60세,만15세~60세,MAIN,UW21239
81963,"(무)상급종합병원,국립암센터통합암주요치료(전이암포함,3종)특약(연간1회한)",선택특약,표준형,21687,100세만기,100,S,10년납,만15세~80세,만15세~80세,MAIN,UW21239
81963,"(무)상급종합병원,국립암센터통합암주요치료(전이암포함,3종)특약(연간1회한)",선택특약,표준형,21687,100세만기,100,S,15년납,만15세~70세,만15세~70세,MAIN,UW21239
81963,"(무)상급종합병원,국립암센터통합암주요치료(전이암포함,3종)특약(연간1회한)",선택특약,표준형,21687,100세만기,100,S,20년납,만15세~70세,만15세~70세,MAIN,UW21239
81963,"(무)상급종합병원,국립암센터통합암주요치료(전이암포함,3종)특약(연간1회한)",선택특약,표준형,21687,100세만기,100,S,30년납,만15세~70세,만15세~70세,MAIN,UW21239
81964,"(무)상급종합병원,국립암센터통합암주요치료(전이암포함,4종)특약(연간1회한)",선택특약,해약환급금V2,21686,종신,999,E,10년납,만15세~80세,만15세~80세,MAIN,UW21239
81964,"(무)상급종합병원,국립암센터통합암주요치료(전이암포함,4종)특약(연간1회한)",선택특약,해약환급금V2,21686,종신,999,E,15년납,만15세~70세,만15세~70세,MAIN,UW21239
81964,"(무)상급종합병원,국립암센터통합암주요치료(전이암포함,4종)특약(연간1회한)",선택특약,해약환급금V2,21686,종신,999,E,20년납,만15세~70세,만15세~70세,MAIN,UW21239
81964,"(무)상급종합병원,국립암센터통합암주요치료(전이암포함,4종)특약(연간1회한)",선택특약,해약환급금V2,21686,종신,999,E,30년납,만15세~70세,만15세~70세,MAIN,UW21239
81964,"(무)상급종합병원,국립암센터통합암주요치료(전이암포함,4종)특약(연간1회한)",선택특약,해약환급금V2,21686,90세만기,90,S,10년납,만15세~75세,만15세~75세,MAIN,UW21239
81964,"(무)상급종합병원,국립암센터통합암주요치료(전이암포함,4종)특약(연간1회한)",선택특약,해약환급금V2,21686,90세만기,90,S,15년납,만15세~70세,만15세~70세,MAIN,UW21239
81964,"(무)상급종합병원,국립암센터통합암주요치료(전이암포함,4종)특약(연간1회한)",선택특약,해약환급금V2,21686,90세만기,90,S,20년납,만15세~70세,만15세~70세,MAIN,UW21239
81964,"(무)상급종합병원,국립암센터통합암주요치료(전이암포함,4종)특약(연간1회한)",선택특약,해약환급금V2,21686,90세만기,90,S,30년납,만15세~60세,만15세~60세,MAIN,UW21239
81964,"(무)상급종합병원,국립암센터통합암주요치료(전이암포함,4종)특약(연간1회한)",선택특약,해약환급금V2,21686,100세만기,100,S,10년납,만15세~80세,만15세~80세,MAIN,UW21239
81964,"(무)상급종합병원,국립암센터통합암주요치료(전이암포함,4종)특약(연간1회한)",선택특약,해약환급금V2,21686,100세만기,100,S,15년납,만15세~70세,만15세~70세,MAIN,UW21239
81964,"(무)상급종합병원,국립암센터통합암주요치료(전이암포함,4종)특약(연간1회한)",선택특약,해약환급금V2,21686,100세만기,100,S,20년납,만15세~70세,만15세~70세,MAIN,UW21239
81964,"(무)상급종합병원,국립암센터통합암주요치료(전이암포함,4종)특약(연간1회한)",선택특약,해약환급금V2,21686,100세만기,100,S,30년납,만15세~70세,만15세~70세,MAIN,UW21239
81965,"(무)상급종합병원,국립암센터통합암주요치료(전이암포함,4종)특약(연간1회한)",선택특약,표준형,21687,종신,999,E,10년납,만15세~80세,만15세~80세,MAIN,UW21239
81965,"(무)상급종합병원,국립암센터통합암주요치료(전이암포함,4종)특약(연간1회한)",선택특약,표준형,21687,종신,999,E,15년납,만15세~70세,만15세~70세,MAIN,UW21239
81965,"(무)상급종합병원,국립암센터통합암주요치료(전이암포함,4종)특약(연간1회한)",선택특약,표준형,21687,종신,999,E,20년납,만15세~70세,만15세~70세,MAIN,UW21239
81965,"(무)상급종합병원,국립암센터통합암주요치료(전이암포함,4종)특약(연간1회한)",선택특약,표준형,21687,종신,999,E,30년납,만15세~70세,만15세~70세,MAIN,UW21239
81965,"(무)상급종합병원,국립암센터통합암주요치료(전이암포함,4종)특약(연간1회한)",선택특약,표준형,21687,90세만기,90,S,10년납,만15세~75세,만15세~75세,MAIN,UW21239
81965,"(무)상급종합병원,국립암센터통합암주요치료(전이암포함,4종)특약(연간1회한)",선택특약,표준형,21687,90세만기,90,S,15년납,만15세~70세,만15세~70세,MAIN,UW21239
81965,"(무)상급종합병원,국립암센터통합암주요치료(전이암포함,4종)특약(연간1회한)",선택특약,표준형,21687,90세만기,90,S,20년납,만15세~70세,만15세~70세,MAIN,UW21239
81965,"(무)상급종합병원,국립암센터통합암주요치료(전이암포함,4종)특약(연간1회한)",선택특약,표준형,21687,90세만기,90,S,30년납,만15세~60세,만15세~60세,MAIN,UW21239
81965,"(무)상급종합병원,국립암센터통합암주요치료(전이암포함,4종)특약(연간1회한)",선택특약,표준형,21687,100세만기,100,S,10년납,만15세~80세,만15세~80세,MAIN,UW21239
81965,"(무)상급종합병원,국립암센터통합암주요치료(전이암포함,4종)특약(연간1회한)",선택특약,표준형,21687,100세만기,100,S,15년납,만15세~70세,만15세~70세,MAIN,UW21239
81965,"(무)상급종합병원,국립암센터통합암주요치료(전이암포함,4종)특약(연간1회한)",선택특약,표준형,21687,100세만기,100,S,20년납,만15세~70세,만15세~70세,MAIN,UW21239
81965,"(무)상급종합병원,국립암센터통합암주요치료(전이암포함,4종)특약(연간1회한)",선택특약,표준형,21687,100세만기,100,S,30년납,만15세~70세,만15세~70세,MAIN,UW21239
81966,"(무)상급종합병원,국립암센터통합암주요치료(전이암포함,5종)특약(연간1회한)",선택특약,해약환급금V2,21686,종신,999,E,10년납,만15세~80세,만15세~80세,MAIN,UW21239
81966,"(무)상급종합병원,국립암센터통합암주요치료(전이암포함,5종)특약(연간1회한)",선택특약,해약환급금V2,21686,종신,999,E,15년납,만15세~70세,만15세~70세,MAIN,UW21239
81966,"(무)상급종합병원,국립암센터통합암주요치료(전이암포함,5종)특약(연간1회한)",선택특약,해약환급금V2,21686,종신,999,E,20년납,만15세~70세,만15세~70세,MAIN,UW21239
81966,"(무)상급종합병원,국립암센터통합암주요치료(전이암포함,5종)특약(연간1회한)",선택특약,해약환급금V2,21686,종신,999,E,30년납,만15세~70세,만15세~70세,MAIN,UW21239
81966,"(무)상급종합병원,국립암센터통합암주요치료(전이암포함,5종)특약(연간1회한)",선택특약,해약환급금V2,21686,90세만기,90,S,10년납,만15세~75세,만15세~75세,MAIN,UW21239
81966,"(무)상급종합병원,국립암센터통합암주요치료(전이암포함,5종)특약(연간1회한)",선택특약,해약환급금V2,21686,90세만기,90,S,15년납,만15세~70세,만15세~70세,MAIN,UW21239
81966,"(무)상급종합병원,국립암센터통합암주요치료(전이암포함,5종)특약(연간1회한)",선택특약,해약환급금V2,21686,90세만기,90,S,20년납,만15세~70세,만15세~70세,MAIN,UW21239
81966,"(무)상급종합병원,국립암센터통합암주요치료(전이암포함,5종)특약(연간1회한)",선택특약,해약환급금V2,21686,90세만기,90,S,30년납,만15세~60세,만15세~60세,MAIN,UW21239
81966,"(무)상급종합병원,국립암센터통합암주요치료(전이암포함,5종)특약(연간1회한)",선택특약,해약환급금V2,21686,100세만기,100,S,10년납,만15세~80세,만15세~80세,MAIN,UW21239
81966,"(무)상급종합병원,국립암센터통합암주요치료(전이암포함,5종)특약(연간1회한)",선택특약,해약환급금V2,21686,100세만기,100,S,15년납,만15세~70세,만15세~70세,MAIN,UW21239
81966,"(무)상급종합병원,국립암센터통합암주요치료(전이암포함,5종)특약(연간1회한)",선택특약,해약환급금V2,21686,100세만기,100,S,20년납,만15세~70세,만15세~70세,MAIN,UW21239
81966,"(무)상급종합병원,국립암센터통합암주요치료(전이암포함,5종)특약(연간1회한)",선택특약,해약환급금V2,21686,100세만기,100,S,30년납,만15세~70세,만15세~70세,MAIN,UW21239
81967,"(무)상급종합병원,국립암센터통합암주요치료(전이암포함,5종)특약(연간1회한)",선택특약,표준형,21687,종신,999,E,10년납,만15세~80세,만15세~80세,MAIN,UW21239
81967,"(무)상급종합병원,국립암센터통합암주요치료(전이암포함,5종)특약(연간1회한)",선택특약,표준형,21687,종신,999,E,15년납,만15세~70세,만15세~70세,MAIN,UW21239
81967,"(무)상급종합병원,국립암센터통합암주요치료(전이암포함,5종)특약(연간1회한)",선택특약,표준형,21687,종신,999,E,20년납,만15세~70세,만15세~70세,MAIN,UW21239
81967,"(무)상급종합병원,국립암센터통합암주요치료(전이암포함,5종)특약(연간1회한)",선택특약,표준형,21687,종신,999,E,30년납,만15세~70세,만15세~70세,MAIN,UW21239
81967,"(무)상급종합병원,국립암센터통합암주요치료(전이암포함,5종)특약(연간1회한)",선택특약,표준형,21687,90세만기,90,S,10년납,만15세~75세,만15세~75세,MAIN,UW21239
81967,"(무)상급종합병원,국립암센터통합암주요치료(전이암포함,5종)특약(연간1회한)",선택특약,표준형,21687,90세만기,90,S,15년납,만15세~70세,만15세~70세,MAIN,UW21239
81967,"(무)상급종합병원,국립암센터통합암주요치료(전이암포함,5종)특약(연간1회한)",선택특약,표준형,21687,90세만기,90,S,20년납,만15세~70세,만15세~70세,MAIN,UW21239
81967,"(무)상급종합병원,국립암센터통합암주요치료(전이암포함,5종)특약(연간1회한)",선택특약,표준형,21687,90세만기,90,S,30년납,만15세~60세,만15세~60세,MAIN,UW21239
81967,"(무)상급종합병원,국립암센터통합암주요치료(전이암포함,5종)특약(연간1회한)",선택특약,표준형,21687,100세만기,100,S,10년납,만15세~80세,만15세~80세,MAIN,UW21239
81967,"(무)상급종합병원,국립암센터통합암주요치료(전이암포함,5종)특약(연간1회한)",선택특약,표준형,21687,100세만기,100,S,15년납,만15세~70세,만15세~70세,MAIN,UW21239
81967,"(무)상급종합병원,국립암센터통합암주요치료(전이암포함,5종)특약(연간1회한)",선택특약,표준형,21687,100세만기,100,S,20년납,만15세~70세,만15세~70세,MAIN,UW21239
81967,"(무)상급종합병원,국립암센터통합암주요치료(전이암포함,5종)특약(연간1회한)",선택특약,표준형,21687,100세만기,100,S,30년납,만15세~70세,만15세~70세,MAIN,UW21239
81968,"(무)상급종합병원,국립암센터통합암주요치료(전이암포함,6종)특약(연간1회한)",선택특약,해약환급금V2,21686,종신,999,E,10년납,만15세~80세,만15세~80세,MAIN,UW21239
81968,"(무)상급종합병원,국립암센터통합암주요치료(전이암포함,6종)특약(연간1회한)",선택특약,해약환급금V2,21686,종신,999,E,15년납,만15세~70세,만15세~70세,MAIN,UW21239
81968,"(무)상급종합병원,국립암센터통합암주요치료(전이암포함,6종)특약(연간1회한)",선택특약,해약환급금V2,21686,종신,999,E,20년납,만15세~70세,만15세~70세,MAIN,UW21239
81968,"(무)상급종합병원,국립암센터통합암주요치료(전이암포함,6종)특약(연간1회한)",선택특약,해약환급금V2,21686,종신,999,E,30년납,만15세~70세,만15세~70세,MAIN,UW21239
81968,"(무)상급종합병원,국립암센터통합암주요치료(전이암포함,6종)특약(연간1회한)",선택특약,해약환급금V2,21686,90세만기,90,S,10년납,만15세~75세,만15세~75세,MAIN,UW21239
81968,"(무)상급종합병원,국립암센터통합암주요치료(전이암포함,6종)특약(연간1회한)",선택특약,해약환급금V2,21686,90세만기,90,S,15년납,만15세~70세,만15세~70세,MAIN,UW21239
81968,"(무)상급종합병원,국립암센터통합암주요치료(전이암포함,6종)특약(연간1회한)",선택특약,해약환급금V2,21686,90세만기,90,S,20년납,만15세~70세,만15세~70세,MAIN,UW21239
81968,"(무)상급종합병원,국립암센터통합암주요치료(전이암포함,6종)특약(연간1회한)",선택특약,해약환급금V2,21686,90세만기,90,S,30년납,만15세~60세,만15세~60세,MAIN,UW21239
81968,"(무)상급종합병원,국립암센터통합암주요치료(전이암포함,6종)특약(연간1회한)",선택특약,해약환급금V2,21686,100세만기,100,S,10년납,만15세~80세,만15세~80세,MAIN,UW21239
81968,"(무)상급종합병원,국립암센터통합암주요치료(전이암포함,6종)특약(연간1회한)",선택특약,해약환급금V2,21686,100세만기,100,S,15년납,만15세~70세,만15세~70세,MAIN,UW21239
81968,"(무)상급종합병원,국립암센터통합암주요치료(전이암포함,6종)특약(연간1회한)",선택특약,해약환급금V2,21686,100세만기,100,S,20년납,만15세~70세,만15세~70세,MAIN,UW21239
81968,"(무)상급종합병원,국립암센터통합암주요치료(전이암포함,6종)특약(연간1회한)",선택특약,해약환급금V2,21686,100세만기,100,S,30년납,만15세~70세,만15세~70세,MAIN,UW21239
81969,"(무)상급종합병원,국립암센터통합암주요치료(전이암포함,6종)특약(연간1회한)",선택특약,표준형,21687,종신,999,E,10년납,만15세~80세,만15세~80세,MAIN,UW21239
81969,"(무)상급종합병원,국립암센터통합암주요치료(전이암포함,6종)특약(연간1회한)",선택특약,표준형,21687,종신,999,E,15년납,만15세~70세,만15세~70세,MAIN,UW21239
81969,"(무)상급종합병원,국립암센터통합암주요치료(전이암포함,6종)특약(연간1회한)",선택특약,표준형,21687,종신,999,E,20년납,만15세~70세,만15세~70세,MAIN,UW21239
81969,"(무)상급종합병원,국립암센터통합암주요치료(전이암포함,6종)특약(연간1회한)",선택특약,표준형,21687,종신,999,E,30년납,만15세~70세,만15세~70세,MAIN,UW21239
81969,"(무)상급종합병원,국립암센터통합암주요치료(전이암포함,6종)특약(연간1회한)",선택특약,표준형,21687,90세만기,90,S,10년납,만15세~75세,만15세~75세,MAIN,UW21239
81969,"(무)상급종합병원,국립암센터통합암주요치료(전이암포함,6종)특약(연간1회한)",선택특약,표준형,21687,90세만기,90,S,15년납,만15세~70세,만15세~70세,MAIN,UW21239
81969,"(무)상급종합병원,국립암센터통합암주요치료(전이암포함,6종)특약(연간1회한)",선택특약,표준형,21687,90세만기,90,S,20년납,만15세~70세,만15세~70세,MAIN,UW21239
81969,"(무)상급종합병원,국립암센터통합암주요치료(전이암포함,6종)특약(연간1회한)",선택특약,표준형,21687,90세만기,90,S,30년납,만15세~60세,만15세~60세,MAIN,UW21239
81969,"(무)상급종합병원,국립암센터통합암주요치료(전이암포함,6종)특약(연간1회한)",선택특약,표준형,21687,100세만기,100,S,10년납,만15세~80세,만15세~80세,MAIN,UW21239
81969,"(무)상급종합병원,국립암센터통합암주요치료(전이암포함,6종)특약(연간1회한)",선택특약,표준형,21687,100세만기,100,S,15년납,만15세~70세,만15세~70세,MAIN,UW21239
81969,"(무)상급종합병원,국립암센터통합암주요치료(전이암포함,6종)특약(연간1회한)",선택특약,표준형,21687,100세만기,100,S,20년납,만15세~70세,만15세~70세,MAIN,UW21239
81969,"(무)상급종합병원,국립암센터통합암주요치료(전이암포함,6종)특약(연간1회한)",선택특약,표준형,21687,100세만기,100,S,30년납,만15세~70세,만15세~70세,MAIN,UW21239
81970,"(무)상급종합병원,국립암센터통합암주요치료(전이암포함,7종)특약(연간1회한)",선택특약,해약환급금V2,21686,종신,999,E,10년납,만15세~80세,만15세~80세,MAIN,UW21239
81970,"(무)상급종합병원,국립암센터통합암주요치료(전이암포함,7종)특약(연간1회한)",선택특약,해약환급금V2,21686,종신,999,E,15년납,만15세~70세,만15세~70세,MAIN,UW21239
81970,"(무)상급종합병원,국립암센터통합암주요치료(전이암포함,7종)특약(연간1회한)",선택특약,해약환급금V2,21686,종신,999,E,20년납,만15세~70세,만15세~70세,MAIN,UW21239
81970,"(무)상급종합병원,국립암센터통합암주요치료(전이암포함,7종)특약(연간1회한)",선택특약,해약환급금V2,21686,종신,999,E,30년납,만15세~70세,만15세~70세,MAIN,UW21239
81970,"(무)상급종합병원,국립암센터통합암주요치료(전이암포함,7종)특약(연간1회한)",선택특약,해약환급금V2,21686,90세만기,90,S,10년납,만15세~75세,만15세~75세,MAIN,UW21239
81970,"(무)상급종합병원,국립암센터통합암주요치료(전이암포함,7종)특약(연간1회한)",선택특약,해약환급금V2,21686,90세만기,90,S,15년납,만15세~70세,만15세~70세,MAIN,UW21239
81970,"(무)상급종합병원,국립암센터통합암주요치료(전이암포함,7종)특약(연간1회한)",선택특약,해약환급금V2,21686,90세만기,90,S,20년납,만15세~70세,만15세~70세,MAIN,UW21239
81970,"(무)상급종합병원,국립암센터통합암주요치료(전이암포함,7종)특약(연간1회한)",선택특약,해약환급금V2,21686,90세만기,90,S,30년납,만15세~60세,만15세~60세,MAIN,UW21239
81970,"(무)상급종합병원,국립암센터통합암주요치료(전이암포함,7종)특약(연간1회한)",선택특약,해약환급금V2,21686,100세만기,100,S,10년납,만15세~80세,만15세~80세,MAIN,UW21239
81970,"(무)상급종합병원,국립암센터통합암주요치료(전이암포함,7종)특약(연간1회한)",선택특약,해약환급금V2,21686,100세만기,100,S,15년납,만15세~70세,만15세~70세,MAIN,UW21239
81970,"(무)상급종합병원,국립암센터통합암주요치료(전이암포함,7종)특약(연간1회한)",선택특약,해약환급금V2,21686,100세만기,100,S,20년납,만15세~70세,만15세~70세,MAIN,UW21239
81970,"(무)상급종합병원,국립암센터통합암주요치료(전이암포함,7종)특약(연간1회한)",선택특약,해약환급금V2,21686,100세만기,100,S,30년납,만15세~70세,만15세~70세,MAIN,UW21239
81971,"(무)상급종합병원,국립암센터통합암주요치료(전이암포함,7종)특약(연간1회한)",선택특약,표준형,21687,종신,999,E,10년납,만15세~80세,만15세~80세,MAIN,UW21239
81971,"(무)상급종합병원,국립암센터통합암주요치료(전이암포함,7종)특약(연간1회한)",선택특약,표준형,21687,종신,999,E,15년납,만15세~70세,만15세~70세,MAIN,UW21239
81971,"(무)상급종합병원,국립암센터통합암주요치료(전이암포함,7종)특약(연간1회한)",선택특약,표준형,21687,종신,999,E,20년납,만15세~70세,만15세~70세,MAIN,UW21239
81971,"(무)상급종합병원,국립암센터통합암주요치료(전이암포함,7종)특약(연간1회한)",선택특약,표준형,21687,종신,999,E,30년납,만15세~70세,만15세~70세,MAIN,UW21239
81971,"(무)상급종합병원,국립암센터통합암주요치료(전이암포함,7종)특약(연간1회한)",선택특약,표준형,21687,90세만기,90,S,10년납,만15세~75세,만15세~75세,MAIN,UW21239
81971,"(무)상급종합병원,국립암센터통합암주요치료(전이암포함,7종)특약(연간1회한)",선택특약,표준형,21687,90세만기,90,S,15년납,만15세~70세,만15세~70세,MAIN,UW21239
81971,"(무)상급종합병원,국립암센터통합암주요치료(전이암포함,7종)특약(연간1회한)",선택특약,표준형,21687,90세만기,90,S,20년납,만15세~70세,만15세~70세,MAIN,UW21239
81971,"(무)상급종합병원,국립암센터통합암주요치료(전이암포함,7종)특약(연간1회한)",선택특약,표준형,21687,90세만기,90,S,30년납,만15세~60세,만15세~60세,MAIN,UW21239
81971,"(무)상급종합병원,국립암센터통합암주요치료(전이암포함,7종)특약(연간1회한)",선택특약,표준형,21687,100세만기,100,S,10년납,만15세~80세,만15세~80세,MAIN,UW21239
81971,"(무)상급종합병원,국립암센터통합암주요치료(전이암포함,7종)특약(연간1회한)",선택특약,표준형,21687,100세만기,100,S,15년납,만15세~70세,만15세~70세,MAIN,UW21239
81971,"(무)상급종합병원,국립암센터통합암주요치료(전이암포함,7종)특약(연간1회한)",선택특약,표준형,21687,100세만기,100,S,20년납,만15세~70세,만15세~70세,MAIN,UW21239
81971,"(무)상급종합병원,국립암센터통합암주요치료(전이암포함,7종)특약(연간1회한)",선택특약,표준형,21687,100세만기,100,S,30년납,만15세~70세,만15세~70세,MAIN,UW21239
81972,"(무)상급종합병원,국립암센터통합암주요치료(전이암포함,8종)특약(연간1회한)",선택특약,해약환급금V2,21686,종신,999,E,10년납,만15세~80세,만15세~80세,MAIN,UW21239
81972,"(무)상급종합병원,국립암센터통합암주요치료(전이암포함,8종)특약(연간1회한)",선택특약,해약환급금V2,21686,종신,999,E,15년납,만15세~70세,만15세~70세,MAIN,UW21239
81972,"(무)상급종합병원,국립암센터통합암주요치료(전이암포함,8종)특약(연간1회한)",선택특약,해약환급금V2,21686,종신,999,E,20년납,만15세~70세,만15세~70세,MAIN,UW21239
81972,"(무)상급종합병원,국립암센터통합암주요치료(전이암포함,8종)특약(연간1회한)",선택특약,해약환급금V2,21686,종신,999,E,30년납,만15세~70세,만15세~70세,MAIN,UW21239
81972,"(무)상급종합병원,국립암센터통합암주요치료(전이암포함,8종)특약(연간1회한)",선택특약,해약환급금V2,21686,90세만기,90,S,10년납,만15세~75세,만15세~75세,MAIN,UW21239
81972,"(무)상급종합병원,국립암센터통합암주요치료(전이암포함,8종)특약(연간1회한)",선택특약,해약환급금V2,21686,90세만기,90,S,15년납,만15세~70세,만15세~70세,MAIN,UW21239
81972,"(무)상급종합병원,국립암센터통합암주요치료(전이암포함,8종)특약(연간1회한)",선택특약,해약환급금V2,21686,90세만기,90,S,20년납,만15세~70세,만15세~70세,MAIN,UW21239
81972,"(무)상급종합병원,국립암센터통합암주요치료(전이암포함,8종)특약(연간1회한)",선택특약,해약환급금V2,21686,90세만기,90,S,30년납,만15세~60세,만15세~60세,MAIN,UW21239
81972,"(무)상급종합병원,국립암센터통합암주요치료(전이암포함,8종)특약(연간1회한)",선택특약,해약환급금V2,21686,100세만기,100,S,10년납,만15세~80세,만15세~80세,MAIN,UW21239
81972,"(무)상급종합병원,국립암센터통합암주요치료(전이암포함,8종)특약(연간1회한)",선택특약,해약환급금V2,21686,100세만기,100,S,15년납,만15세~70세,만15세~70세,MAIN,UW21239
81972,"(무)상급종합병원,국립암센터통합암주요치료(전이암포함,8종)특약(연간1회한)",선택특약,해약환급금V2,21686,100세만기,100,S,20년납,만15세~70세,만15세~70세,MAIN,UW21239
81972,"(무)상급종합병원,국립암센터통합암주요치료(전이암포함,8종)특약(연간1회한)",선택특약,해약환급금V2,21686,100세만기,100,S,30년납,만15세~70세,만15세~70세,MAIN,UW21239
81973,"(무)상급종합병원,국립암센터통합암주요치료(전이암포함,8종)특약(연간1회한)",선택특약,표준형,21687,종신,999,E,10년납,만15세~80세,만15세~80세,MAIN,UW21239
81973,"(무)상급종합병원,국립암센터통합암주요치료(전이암포함,8종)특약(연간1회한)",선택특약,표준형,21687,종신,999,E,15년납,만15세~70세,만15세~70세,MAIN,UW21239
81973,"(무)상급종합병원,국립암센터통합암주요치료(전이암포함,8종)특약(연간1회한)",선택특약,표준형,21687,종신,999,E,20년납,만15세~70세,만15세~70세,MAIN,UW21239
81973,"(무)상급종합병원,국립암센터통합암주요치료(전이암포함,8종)특약(연간1회한)",선택특약,표준형,21687,종신,999,E,30년납,만15세~70세,만15세~70세,MAIN,UW21239
81973,"(무)상급종합병원,국립암센터통합암주요치료(전이암포함,8종)특약(연간1회한)",선택특약,표준형,21687,90세만기,90,S,10년납,만15세~75세,만15세~75세,MAIN,UW21239
81973,"(무)상급종합병원,국립암센터통합암주요치료(전이암포함,8종)특약(연간1회한)",선택특약,표준형,21687,90세만기,90,S,15년납,만15세~70세,만15세~70세,MAIN,UW21239
81973,"(무)상급종합병원,국립암센터통합암주요치료(전이암포함,8종)특약(연간1회한)",선택특약,표준형,21687,90세만기,90,S,20년납,만15세~70세,만15세~70세,MAIN,UW21239
81973,"(무)상급종합병원,국립암센터통합암주요치료(전이암포함,8종)특약(연간1회한)",선택특약,표준형,21687,90세만기,90,S,30년납,만15세~60세,만15세~60세,MAIN,UW21239
81973,"(무)상급종합병원,국립암센터통합암주요치료(전이암포함,8종)특약(연간1회한)",선택특약,표준형,21687,100세만기,100,S,10년납,만15세~80세,만15세~80세,MAIN,UW21239
81973,"(무)상급종합병원,국립암센터통합암주요치료(전이암포함,8종)특약(연간1회한)",선택특약,표준형,21687,100세만기,100,S,15년납,만15세~70세,만15세~70세,MAIN,UW21239
81973,"(무)상급종합병원,국립암센터통합암주요치료(전이암포함,8종)특약(연간1회한)",선택특약,표준형,21687,100세만기,100,S,20년납,만15세~70세,만15세~70세,MAIN,UW21239
81973,"(무)상급종합병원,국립암센터통합암주요치료(전이암포함,8종)특약(연간1회한)",선택특약,표준형,21687,100세만기,100,S,30년납,만15세~70세,만15세~70세,MAIN,UW21239
81974,"(무)상급종합병원,국립암센터통합암주요치료(전이암포함,9종)특약(연간1회한)",선택특약,해약환급금V2,21686,종신,999,E,10년납,만15세~80세,만15세~80세,MAIN,UW21239
81974,"(무)상급종합병원,국립암센터통합암주요치료(전이암포함,9종)특약(연간1회한)",선택특약,해약환급금V2,21686,종신,999,E,15년납,만15세~70세,만15세~70세,MAIN,UW21239
81974,"(무)상급종합병원,국립암센터통합암주요치료(전이암포함,9종)특약(연간1회한)",선택특약,해약환급금V2,21686,종신,999,E,20년납,만15세~70세,만15세~70세,MAIN,UW21239
81974,"(무)상급종합병원,국립암센터통합암주요치료(전이암포함,9종)특약(연간1회한)",선택특약,해약환급금V2,21686,종신,999,E,30년납,만15세~70세,만15세~70세,MAIN,UW21239
81974,"(무)상급종합병원,국립암센터통합암주요치료(전이암포함,9종)특약(연간1회한)",선택특약,해약환급금V2,21686,90세만기,90,S,10년납,만15세~75세,만15세~75세,MAIN,UW21239
81974,"(무)상급종합병원,국립암센터통합암주요치료(전이암포함,9종)특약(연간1회한)",선택특약,해약환급금V2,21686,90세만기,90,S,15년납,만15세~70세,만15세~70세,MAIN,UW21239
81974,"(무)상급종합병원,국립암센터통합암주요치료(전이암포함,9종)특약(연간1회한)",선택특약,해약환급금V2,21686,90세만기,90,S,20년납,만15세~70세,만15세~70세,MAIN,UW21239
81974,"(무)상급종합병원,국립암센터통합암주요치료(전이암포함,9종)특약(연간1회한)",선택특약,해약환급금V2,21686,90세만기,90,S,30년납,만15세~60세,만15세~60세,MAIN,UW21239
81974,"(무)상급종합병원,국립암센터통합암주요치료(전이암포함,9종)특약(연간1회한)",선택특약,해약환급금V2,21686,100세만기,100,S,10년납,만15세~80세,만15세~80세,MAIN,UW21239
81974,"(무)상급종합병원,국립암센터통합암주요치료(전이암포함,9종)특약(연간1회한)",선택특약,해약환급금V2,21686,100세만기,100,S,15년납,만15세~70세,만15세~70세,MAIN,UW21239
81974,"(무)상급종합병원,국립암센터통합암주요치료(전이암포함,9종)특약(연간1회한)",선택특약,해약환급금V2,21686,100세만기,100,S,20년납,만15세~70세,만15세~70세,MAIN,UW21239
81974,"(무)상급종합병원,국립암센터통합암주요치료(전이암포함,9종)특약(연간1회한)",선택특약,해약환급금V2,21686,100세만기,100,S,30년납,만15세~70세,만15세~70세,MAIN,UW21239
81975,"(무)상급종합병원,국립암센터통합암주요치료(전이암포함,9종)특약(연간1회한)",선택특약,표준형,21687,종신,999,E,10년납,만15세~80세,만15세~80세,MAIN,UW21239
81975,"(무)상급종합병원,국립암센터통합암주요치료(전이암포함,9종)특약(연간1회한)",선택특약,표준형,21687,종신,999,E,15년납,만15세~70세,만15세~70세,MAIN,UW21239
81975,"(무)상급종합병원,국립암센터통합암주요치료(전이암포함,9종)특약(연간1회한)",선택특약,표준형,21687,종신,999,E,20년납,만15세~70세,만15세~70세,MAIN,UW21239
81975,"(무)상급종합병원,국립암센터통합암주요치료(전이암포함,9종)특약(연간1회한)",선택특약,표준형,21687,종신,999,E,30년납,만15세~70세,만15세~70세,MAIN,UW21239
81975,"(무)상급종합병원,국립암센터통합암주요치료(전이암포함,9종)특약(연간1회한)",선택특약,표준형,21687,90세만기,90,S,10년납,만15세~75세,만15세~75세,MAIN,UW21239
81975,"(무)상급종합병원,국립암센터통합암주요치료(전이암포함,9종)특약(연간1회한)",선택특약,표준형,21687,90세만기,90,S,15년납,만15세~70세,만15세~70세,MAIN,UW21239
81975,"(무)상급종합병원,국립암센터통합암주요치료(전이암포함,9종)특약(연간1회한)",선택특약,표준형,21687,90세만기,90,S,20년납,만15세~70세,만15세~70세,MAIN,UW21239
81975,"(무)상급종합병원,국립암센터통합암주요치료(전이암포함,9종)특약(연간1회한)",선택특약,표준형,21687,90세만기,90,S,30년납,만15세~60세,만15세~60세,MAIN,UW21239
81975,"(무)상급종합병원,국립암센터통합암주요치료(전이암포함,9종)특약(연간1회한)",선택특약,표준형,21687,100세만기,100,S,10년납,만15세~80세,만15세~80세,MAIN,UW21239
81975,"(무)상급종합병원,국립암센터통합암주요치료(전이암포함,9종)특약(연간1회한)",선택특약,표준형,21687,100세만기,100,S,15년납,만15세~70세,만15세~70세,MAIN,UW21239
81975,"(무)상급종합병원,국립암센터통합암주요치료(전이암포함,9종)특약(연간1회한)",선택특약,표준형,21687,100세만기,100,S,20년납,만15세~70세,만15세~70세,MAIN,UW21239
81975,"(무)상급종합병원,국립암센터통합암주요치료(전이암포함,9종)특약(연간1회한)",선택특약,표준형,21687,100세만기,100,S,30년납,만15세~70세,만15세~70세,MAIN,UW21239
81976,"(무)상급종합병원,국립암센터통합암주요치료(전이암포함,10종)특약(연간1회한)",선택특약,해약환급금V2,21686,종신,999,E,10년납,만15세~80세,만15세~80세,MAIN,UW21239
81976,"(무)상급종합병원,국립암센터통합암주요치료(전이암포함,10종)특약(연간1회한)",선택특약,해약환급금V2,21686,종신,999,E,15년납,만15세~70세,만15세~70세,MAIN,UW21239
81976,"(무)상급종합병원,국립암센터통합암주요치료(전이암포함,10종)특약(연간1회한)",선택특약,해약환급금V2,21686,종신,999,E,20년납,만15세~70세,만15세~70세,MAIN,UW21239
81976,"(무)상급종합병원,국립암센터통합암주요치료(전이암포함,10종)특약(연간1회한)",선택특약,해약환급금V2,21686,종신,999,E,30년납,만15세~70세,만15세~70세,MAIN,UW21239
81976,"(무)상급종합병원,국립암센터통합암주요치료(전이암포함,10종)특약(연간1회한)",선택특약,해약환급금V2,21686,90세만기,90,S,10년납,만15세~75세,만15세~75세,MAIN,UW21239
81976,"(무)상급종합병원,국립암센터통합암주요치료(전이암포함,10종)특약(연간1회한)",선택특약,해약환급금V2,21686,90세만기,90,S,15년납,만15세~70세,만15세~70세,MAIN,UW21239
81976,"(무)상급종합병원,국립암센터통합암주요치료(전이암포함,10종)특약(연간1회한)",선택특약,해약환급금V2,21686,90세만기,90,S,20년납,만15세~70세,만15세~70세,MAIN,UW21239
81976,"(무)상급종합병원,국립암센터통합암주요치료(전이암포함,10종)특약(연간1회한)",선택특약,해약환급금V2,21686,90세만기,90,S,30년납,만15세~60세,만15세~60세,MAIN,UW21239
81976,"(무)상급종합병원,국립암센터통합암주요치료(전이암포함,10종)특약(연간1회한)",선택특약,해약환급금V2,21686,100세만기,100,S,10년납,만15세~80세,만15세~80세,MAIN,UW21239
81976,"(무)상급종합병원,국립암센터통합암주요치료(전이암포함,10종)특약(연간1회한)",선택특약,해약환급금V2,21686,100세만기,100,S,15년납,만15세~70세,만15세~70세,MAIN,UW21239
81976,"(무)상급종합병원,국립암센터통합암주요치료(전이암포함,10종)특약(연간1회한)",선택특약,해약환급금V2,21686,100세만기,100,S,20년납,만15세~70세,만15세~70세,MAIN,UW21239
81976,"(무)상급종합병원,국립암센터통합암주요치료(전이암포함,10종)특약(연간1회한)",선택특약,해약환급금V2,21686,100세만기,100,S,30년납,만15세~70세,만15세~70세,MAIN,UW21239
81977,"(무)상급종합병원,국립암센터통합암주요치료(전이암포함,10종)특약(연간1회한)",선택특약,표준형,21687,종신,999,E,10년납,만15세~80세,만15세~80세,MAIN,UW21239
81977,"(무)상급종합병원,국립암센터통합암주요치료(전이암포함,10종)특약(연간1회한)",선택특약,표준형,21687,종신,999,E,15년납,만15세~70세,만15세~70세,MAIN,UW21239
81977,"(무)상급종합병원,국립암센터통합암주요치료(전이암포함,10종)특약(연간1회한)",선택특약,표준형,21687,종신,999,E,20년납,만15세~70세,만15세~70세,MAIN,UW21239
81977,"(무)상급종합병원,국립암센터통합암주요치료(전이암포함,10종)특약(연간1회한)",선택특약,표준형,21687,종신,999,E,30년납,만15세~70세,만15세~70세,MAIN,UW21239
81977,"(무)상급종합병원,국립암센터통합암주요치료(전이암포함,10종)특약(연간1회한)",선택특약,표준형,21687,90세만기,90,S,10년납,만15세~75세,만15세~75세,MAIN,UW21239
81977,"(무)상급종합병원,국립암센터통합암주요치료(전이암포함,10종)특약(연간1회한)",선택특약,표준형,21687,90세만기,90,S,15년납,만15세~70세,만15세~70세,MAIN,UW21239
81977,"(무)상급종합병원,국립암센터통합암주요치료(전이암포함,10종)특약(연간1회한)",선택특약,표준형,21687,90세만기,90,S,20년납,만15세~70세,만15세~70세,MAIN,UW21239
81977,"(무)상급종합병원,국립암센터통합암주요치료(전이암포함,10종)특약(연간1회한)",선택특약,표준형,21687,90세만기,90,S,30년납,만15세~60세,만15세~60세,MAIN,UW21239
81977,"(무)상급종합병원,국립암센터통합암주요치료(전이암포함,10종)특약(연간1회한)",선택특약,표준형,21687,100세만기,100,S,10년납,만15세~80세,만15세~80세,MAIN,UW21239
81977,"(무)상급종합병원,국립암센터통합암주요치료(전이암포함,10종)특약(연간1회한)",선택특약,표준형,21687,100세만기,100,S,15년납,만15세~70세,만15세~70세,MAIN,UW21239
81977,"(무)상급종합병원,국립암센터통합암주요치료(전이암포함,10종)특약(연간1회한)",선택특약,표준형,21687,100세만기,100,S,20년납,만15세~70세,만15세~70세,MAIN,UW21239
81977,"(무)상급종합병원,국립암센터통합암주요치료(전이암포함,10종)특약(연간1회한)",선택특약,표준형,21687,100세만기,100,S,30년납,만15세~70세,만15세~70세,MAIN,UW21239
82020,(무)하이클래스암주요치료특약(연간1회한),선택특약,해약환급금V2,21686,종신,999,E,10년납,만15세~80세,만15세~80세,MAIN,UW21239
82020,(무)하이클래스암주요치료특약(연간1회한),선택특약,해약환급금V2,21686,종신,999,E,15년납,만15세~70세,만15세~70세,MAIN,UW21239
82020,(무)하이클래스암주요치료특약(연간1회한),선택특약,해약환급금V2,21686,종신,999,E,20년납,만15세~70세,만15세~70세,MAIN,UW21239
82020,(무)하이클래스암주요치료특약(연간1회한),선택특약,해약환급금V2,21686,종신,999,E,30년납,만15세~70세,만15세~70세,MAIN,UW21239
82020,(무)하이클래스암주요치료특약(연간1회한),선택특약,해약환급금V2,21686,90세만기,90,S,10년납,만15세~75세,만15세~75세,MAIN,UW21239
82020,(무)하이클래스암주요치료특약(연간1회한),선택특약,해약환급금V2,21686,90세만기,90,S,15년납,만15세~70세,만15세~70세,MAIN,UW21239
82020,(무)하이클래스암주요치료특약(연간1회한),선택특약,해약환급금V2,21686,90세만기,90,S,20년납,만15세~70세,만15세~70세,MAIN,UW21239
82020,(무)하이클래스암주요치료특약(연간1회한),선택특약,해약환급금V2,21686,90세만기,90,S,30년납,만15세~60세,만15세~60세,MAIN,UW21239
82020,(무)하이클래스암주요치료특약(연간1회한),선택특약,해약환급금V2,21686,100세만기,100,S,10년납,만15세~80세,만15세~80세,MAIN,UW21239
82020,(무)하이클래스암주요치료특약(연간1회한),선택특약,해약환급금V2,21686,100세만기,100,S,15년납,만15세~70세,만15세~70세,MAIN,UW21239
82020,(무)하이클래스암주요치료특약(연간1회한),선택특약,해약환급금V2,21686,100세만기,100,S,20년납,만15세~70세,만15세~70세,MAIN,UW21239
82020,(무)하이클래스암주요치료특약(연간1회한),선택특약,해약환급금V2,21686,100세만기,100,S,30년납,만15세~70세,만15세~70세,MAIN,UW21239
82021,(무)하이클래스암주요치료특약(연간1회한),선택특약,표준형,21687,종신,999,E,10년납,만15세~80세,만15세~80세,MAIN,UW21239
82021,(무)하이클래스암주요치료특약(연간1회한),선택특약,표준형,21687,종신,999,E,15년납,만15세~70세,만15세~70세,MAIN,UW21239
82021,(무)하이클래스암주요치료특약(연간1회한),선택특약,표준형,21687,종신,999,E,20년납,만15세~70세,만15세~70세,MAIN,UW21239
82021,(무)하이클래스암주요치료특약(연간1회한),선택특약,표준형,21687,종신,999,E,30년납,만15세~70세,만15세~70세,MAIN,UW21239
82021,(무)하이클래스암주요치료특약(연간1회한),선택특약,표준형,21687,90세만기,90,S,10년납,만15세~75세,만15세~75세,MAIN,UW21239
82021,(무)하이클래스암주요치료특약(연간1회한),선택특약,표준형,21687,90세만기,90,S,15년납,만15세~70세,만15세~70세,MAIN,UW21239
82021,(무)하이클래스암주요치료특약(연간1회한),선택특약,표준형,21687,90세만기,90,S,20년납,만15세~70세,만15세~70세,MAIN,UW21239
82021,(무)하이클래스암주요치료특약(연간1회한),선택특약,표준형,21687,90세만기,90,S,30년납,만15세~60세,만15세~60세,MAIN,UW21239
82021,(무)하이클래스암주요치료특약(연간1회한),선택특약,표준형,21687,100세만기,100,S,10년납,만15세~80세,만15세~80세,MAIN,UW21239
82021,(무)하이클래스암주요치료특약(연간1회한),선택특약,표준형,21687,100세만기,100,S,15년납,만15세~70세,만15세~70세,MAIN,UW21239
82021,(무)하이클래스암주요치료특약(연간1회한),선택특약,표준형,21687,100세만기,100,S,20년납,만15세~70세,만15세~70세,MAIN,UW21239
82021,(무)하이클래스암주요치료특약(연간1회한),선택특약,표준형,21687,100세만기,100,S,30년납,만15세~70세,만15세~70세,MAIN,UW21239
82022,(무)하이클래스항암약물치료특약(연간1회한),선택특약,해약환급금V2,21686,종신,999,E,10년납,만15세~80세,만15세~80세,MAIN,UW21239
82022,(무)하이클래스항암약물치료특약(연간1회한),선택특약,해약환급금V2,21686,종신,999,E,15년납,만15세~70세,만15세~70세,MAIN,UW21239
82022,(무)하이클래스항암약물치료특약(연간1회한),선택특약,해약환급금V2,21686,종신,999,E,20년납,만15세~70세,만15세~70세,MAIN,UW21239
82022,(무)하이클래스항암약물치료특약(연간1회한),선택특약,해약환급금V2,21686,종신,999,E,30년납,만15세~70세,만15세~70세,MAIN,UW21239
82022,(무)하이클래스항암약물치료특약(연간1회한),선택특약,해약환급금V2,21686,90세만기,90,S,10년납,만15세~75세,만15세~75세,MAIN,UW21239
82022,(무)하이클래스항암약물치료특약(연간1회한),선택특약,해약환급금V2,21686,90세만기,90,S,15년납,만15세~70세,만15세~70세,MAIN,UW21239
82022,(무)하이클래스항암약물치료특약(연간1회한),선택특약,해약환급금V2,21686,90세만기,90,S,20년납,만15세~70세,만15세~70세,MAIN,UW21239
82022,(무)하이클래스항암약물치료특약(연간1회한),선택특약,해약환급금V2,21686,90세만기,90,S,30년납,만15세~60세,만15세~60세,MAIN,UW21239
82022,(무)하이클래스항암약물치료특약(연간1회한),선택특약,해약환급금V2,21686,100세만기,100,S,10년납,만15세~80세,만15세~80세,MAIN,UW21239
82022,(무)하이클래스항암약물치료특약(연간1회한),선택특약,해약환급금V2,21686,100세만기,100,S,15년납,만15세~70세,만15세~70세,MAIN,UW21239
82022,(무)하이클래스항암약물치료특약(연간1회한),선택특약,해약환급금V2,21686,100세만기,100,S,20년납,만15세~70세,만15세~70세,MAIN,UW21239
82022,(무)하이클래스항암약물치료특약(연간1회한),선택특약,해약환급금V2,21686,100세만기,100,S,30년납,만15세~70세,만15세~70세,MAIN,UW21239
82023,(무)하이클래스항암약물치료특약(연간1회한),선택특약,표준형,21687,종신,999,E,10년납,만15세~80세,만15세~80세,MAIN,UW21239
82023,(무)하이클래스항암약물치료특약(연간1회한),선택특약,표준형,21687,종신,999,E,15년납,만15세~70세,만15세~70세,MAIN,UW21239
82023,(무)하이클래스항암약물치료특약(연간1회한),선택특약,표준형,21687,종신,999,E,20년납,만15세~70세,만15세~70세,MAIN,UW21239
82023,(무)하이클래스항암약물치료특약(연간1회한),선택특약,표준형,21687,종신,999,E,30년납,만15세~70세,만15세~70세,MAIN,UW21239
82023,(무)하이클래스항암약물치료특약(연간1회한),선택특약,표준형,21687,90세만기,90,S,10년납,만15세~75세,만15세~75세,MAIN,UW21239
82023,(무)하이클래스항암약물치료특약(연간1회한),선택특약,표준형,21687,90세만기,90,S,15년납,만15세~70세,만15세~70세,MAIN,UW21239
82023,(무)하이클래스항암약물치료특약(연간1회한),선택특약,표준형,21687,90세만기,90,S,20년납,만15세~70세,만15세~70세,MAIN,UW21239
82023,(무)하이클래스항암약물치료특약(연간1회한),선택특약,표준형,21687,90세만기,90,S,30년납,만15세~60세,만15세~60세,MAIN,UW21239
82023,(무)하이클래스항암약물치료특약(연간1회한),선택특약,표준형,21687,100세만기,100,S,10년납,만15세~80세,만15세~80세,MAIN,UW21239
82023,(무)하이클래스항암약물치료특약(연간1회한),선택특약,표준형,21687,100세만기,100,S,15년납,만15세~70세,만15세~70세,MAIN,UW21239
82023,(무)하이클래스항암약물치료특약(연간1회한),선택특약,표준형,21687,100세만기,100,S,20년납,만15세~70세,만15세~70세,MAIN,UW21239
82023,(무)하이클래스항암약물치료특약(연간1회한),선택특약,표준형,21687,100세만기,100,S,30년납,만15세~70세,만15세~70세,MAIN,UW21239
82024,(무)하이클래스표적항암약물허가치료특약(갱신형),선택특약,최초계약,21686,5년만기(갱신형)-최초계약,5,R,전기납,만15세~80세,만15세~80세,A_RENEWAL,UW21239
82024,(무)하이클래스표적항암약물허가치료특약(갱신형),선택특약,최초계약,21686,1~5년만기(갱신형)-갱신계약,5,R,전기납,20세~99세,20세~99세,A_RENEWAL,UW21239
82024,(무)하이클래스표적항암약물허가치료특약(갱신형),선택특약,최초계약,21686,10년만기(갱신형)-최초계약,10,R,전기납,만15세~80세,만15세~80세,A_RENEWAL,UW21239
82024,(무)하이클래스표적항암약물허가치료특약(갱신형),선택특약,최초계약,21686,1~10년만기(갱신형)-갱신계약,10,R,전기납,25세~99세,25세~99세,A_RENEWAL,UW21239
82025,(무)하이클래스표적항암약물허가치료특약(갱신형),선택특약,갱신계약,21686,5년만기(갱신형)-최초계약,5,R,전기납,만15세~80세,만15세~80세,A_RENEWAL,UW21239
82025,(무)하이클래스표적항암약물허가치료특약(갱신형),선택특약,갱신계약,21686,1~5년만기(갱신형)-갱신계약,5,R,전기납,20세~99세,20세~99세,A_RENEWAL,UW21239
82025,(무)하이클래스표적항암약물허가치료특약(갱신형),선택특약,갱신계약,21686,10년만기(갱신형)-최초계약,10,R,전기납,만15세~80세,만15세~80세,A_RENEWAL,UW21239
82025,(무)하이클래스표적항암약물허가치료특약(갱신형),선택특약,갱신계약,21686,1~10년만기(갱신형)-갱신계약,10,R,전기납,25세~99세,25세~99세,A_RENEWAL,UW21239
82057,(무)항암중입자방사선치료특약,선택특약,해약환급금V2,21686,종신,999,E,10년납,만15세~80세,만15세~80세,MAIN,UW21239
82057,(무)항암중입자방사선치료특약,선택특약,해약환급금V2,21686,종신,999,E,15년납,만15세~70세,만15세~70세,MAIN,UW21239
82057,(무)항암중입자방사선치료특약,선택특약,해약환급금V2,21686,종신,999,E,20년납,만15세~70세,만15세~70세,MAIN,UW21239
82057,(무)항암중입자방사선치료특약,선택특약,해약환급금V2,21686,종신,999,E,30년납,만15세~70세,만15세~70세,MAIN,UW21239
82057,(무)항암중입자방사선치료특약,선택특약,해약환급금V2,21686,90세만기,90,S,10년납,만15세~75세,만15세~75세,MAIN,UW21239
82057,(무)항암중입자방사선치료특약,선택특약,해약환급금V2,21686,90세만기,90,S,15년납,만15세~70세,만15세~70세,MAIN,UW21239
82057,(무)항암중입자방사선치료특약,선택특약,해약환급금V2,21686,90세만기,90,S,20년납,만15세~70세,만15세~70세,MAIN,UW21239
82057,(무)항암중입자방사선치료특약,선택특약,해약환급금V2,21686,90세만기,90,S,30년납,만15세~60세,만15세~60세,MAIN,UW21239
82057,(무)항암중입자방사선치료특약,선택특약,해약환급금V2,21686,100세만기,100,S,10년납,만15세~80세,만15세~80세,MAIN,UW21239
82057,(무)항암중입자방사선치료특약,선택특약,해약환급금V2,21686,100세만기,100,S,15년납,만15세~70세,만15세~70세,MAIN,UW21239
82057,(무)항암중입자방사선치료특약,선택특약,해약환급금V2,21686,100세만기,100,S,20년납,만15세~70세,만15세~70세,MAIN,UW21239
82057,(무)항암중입자방사선치료특약,선택특약,해약환급금V2,21686,100세만기,100,S,30년납,만15세~70세,만15세~70세,MAIN,UW21239
82058,(무)항암중입자방사선치료특약,선택특약,표준형,21687,종신,999,E,10년납,만15세~80세,만15세~80세,MAIN,UW21239
82058,(무)항암중입자방사선치료특약,선택특약,표준형,21687,종신,999,E,15년납,만15세~70세,만15세~70세,MAIN,UW21239
82058,(무)항암중입자방사선치료특약,선택특약,표준형,21687,종신,999,E,20년납,만15세~70세,만15세~70세,MAIN,UW21239
82058,(무)항암중입자방사선치료특약,선택특약,표준형,21687,종신,999,E,30년납,만15세~70세,만15세~70세,MAIN,UW21239
82058,(무)항암중입자방사선치료특약,선택특약,표준형,21687,90세만기,90,S,10년납,만15세~75세,만15세~75세,MAIN,UW21239
82058,(무)항암중입자방사선치료특약,선택특약,표준형,21687,90세만기,90,S,15년납,만15세~70세,만15세~70세,MAIN,UW21239
82058,(무)항암중입자방사선치료특약,선택특약,표준형,21687,90세만기,90,S,20년납,만15세~70세,만15세~70세,MAIN,UW21239
82058,(무)항암중입자방사선치료특약,선택특약,표준형,21687,90세만기,90,S,30년납,만15세~60세,만15세~60세,MAIN,UW21239
82058,(무)항암중입자방사선치료특약,선택특약,표준형,21687,100세만기,100,S,10년납,만15세~80세,만15세~80세,MAIN,UW21239
82058,(무)항암중입자방사선치료특약,선택특약,표준형,21687,100세만기,100,S,15년납,만15세~70세,만15세~70세,MAIN,UW21239
82058,(무)항암중입자방사선치료특약,선택특약,표준형,21687,100세만기,100,S,20년납,만15세~70세,만15세~70세,MAIN,UW21239
82058,(무)항암중입자방사선치료특약,선택특약,표준형,21687,100세만기,100,S,30년납,만15세~70세,만15세~70세,MAIN,UW21239
83180,(무)암(갑상선암및기타피부암제외)주요치료특약Ⅱ(연간1회한),선택특약,표준형,21687,종신,999,E,10년납,만15세~80세,만15세~80세,MAIN,UW21239
83180,(무)암(갑상선암및기타피부암제외)주요치료특약Ⅱ(연간1회한),선택특약,표준형,21687,종신,999,E,15년납,만15세~70세,만15세~70세,MAIN,UW21239
83180,(무)암(갑상선암및기타피부암제외)주요치료특약Ⅱ(연간1회한),선택특약,표준형,21687,종신,999,E,20년납,만15세~70세,만15세~70세,MAIN,UW21239
83180,(무)암(갑상선암및기타피부암제외)주요치료특약Ⅱ(연간1회한),선택특약,표준형,21687,종신,999,E,30년납,만15세~70세,만15세~70세,MAIN,UW21239
83180,(무)암(갑상선암및기타피부암제외)주요치료특약Ⅱ(연간1회한),선택특약,표준형,21687,90세만기,90,S,10년납,만15세~75세,만15세~75세,MAIN,UW21239
83180,(무)암(갑상선암및기타피부암제외)주요치료특약Ⅱ(연간1회한),선택특약,표준형,21687,90세만기,90,S,15년납,만15세~70세,만15세~70세,MAIN,UW21239
83180,(무)암(갑상선암및기타피부암제외)주요치료특약Ⅱ(연간1회한),선택특약,표준형,21687,90세만기,90,S,20년납,만15세~70세,만15세~70세,MAIN,UW21239
83180,(무)암(갑상선암및기타피부암제외)주요치료특약Ⅱ(연간1회한),선택특약,표준형,21687,90세만기,90,S,30년납,만15세~60세,만15세~60세,MAIN,UW21239
83180,(무)암(갑상선암및기타피부암제외)주요치료특약Ⅱ(연간1회한),선택특약,표준형,21687,100세만기,100,S,10년납,만15세~80세,만15세~80세,MAIN,UW21239
83180,(무)암(갑상선암및기타피부암제외)주요치료특약Ⅱ(연간1회한),선택특약,표준형,21687,100세만기,100,S,15년납,만15세~70세,만15세~70세,MAIN,UW21239
83180,(무)암(갑상선암및기타피부암제외)주요치료특약Ⅱ(연간1회한),선택특약,표준형,21687,100세만기,100,S,20년납,만15세~70세,만15세~70세,MAIN,UW21239
83180,(무)암(갑상선암및기타피부암제외)주요치료특약Ⅱ(연간1회한),선택특약,표준형,21687,100세만기,100,S,30년납,만15세~70세,만15세~70세,MAIN,UW21239
83181,(무)암(갑상선암및기타피부암제외)주요치료특약Ⅱ(연간1회한),선택특약,해약환급금V2,21686,종신,999,E,10년납,만15세~80세,만15세~80세,MAIN,UW21239
83181,(무)암(갑상선암및기타피부암제외)주요치료특약Ⅱ(연간1회한),선택특약,해약환급금V2,21686,종신,999,E,15년납,만15세~70세,만15세~70세,MAIN,UW21239
83181,(무)암(갑상선암및기타피부암제외)주요치료특약Ⅱ(연간1회한),선택특약,해약환급금V2,21686,종신,999,E,20년납,만15세~70세,만15세~70세,MAIN,UW21239
83181,(무)암(갑상선암및기타피부암제외)주요치료특약Ⅱ(연간1회한),선택특약,해약환급금V2,21686,종신,999,E,30년납,만15세~70세,만15세~70세,MAIN,UW21239
83181,(무)암(갑상선암및기타피부암제외)주요치료특약Ⅱ(연간1회한),선택특약,해약환급금V2,21686,90세만기,90,S,10년납,만15세~75세,만15세~75세,MAIN,UW21239
83181,(무)암(갑상선암및기타피부암제외)주요치료특약Ⅱ(연간1회한),선택특약,해약환급금V2,21686,90세만기,90,S,15년납,만15세~70세,만15세~70세,MAIN,UW21239
83181,(무)암(갑상선암및기타피부암제외)주요치료특약Ⅱ(연간1회한),선택특약,해약환급금V2,21686,90세만기,90,S,20년납,만15세~70세,만15세~70세,MAIN,UW21239
83181,(무)암(갑상선암및기타피부암제외)주요치료특약Ⅱ(연간1회한),선택특약,해약환급금V2,21686,90세만기,90,S,30년납,만15세~60세,만15세~60세,MAIN,UW21239
83181,(무)암(갑상선암및기타피부암제외)주요치료특약Ⅱ(연간1회한),선택특약,해약환급금V2,21686,100세만기,100,S,10년납,만15세~80세,만15세~80세,MAIN,UW21239
83181,(무)암(갑상선암및기타피부암제외)주요치료특약Ⅱ(연간1회한),선택특약,해약환급금V2,21686,100세만기,100,S,15년납,만15세~70세,만15세~70세,MAIN,UW21239
83181,(무)암(갑상선암및기타피부암제외)주요치료특약Ⅱ(연간1회한),선택특약,해약환급금V2,21686,100세만기,100,S,20년납,만15세~70세,만15세~70세,MAIN,UW21239
83181,(무)암(갑상선암및기타피부암제외)주요치료특약Ⅱ(연간1회한),선택특약,해약환급금V2,21686,100세만기,100,S,30년납,만15세~70세,만15세~70세,MAIN,UW21239
83182,(무)갑상선암및기타피부암주요치료특약Ⅱ(연간1회한),선택특약,표준형,21687,종신,999,E,10년납,만15세~80세,만15세~80세,MAIN,UW21239
83182,(무)갑상선암및기타피부암주요치료특약Ⅱ(연간1회한),선택특약,표준형,21687,종신,999,E,15년납,만15세~70세,만15세~70세,MAIN,UW21239
83182,(무)갑상선암및기타피부암주요치료특약Ⅱ(연간1회한),선택특약,표준형,21687,종신,999,E,20년납,만15세~70세,만15세~70세,MAIN,UW21239
83182,(무)갑상선암및기타피부암주요치료특약Ⅱ(연간1회한),선택특약,표준형,21687,종신,999,E,30년납,만15세~70세,만15세~70세,MAIN,UW21239
83182,(무)갑상선암및기타피부암주요치료특약Ⅱ(연간1회한),선택특약,표준형,21687,90세만기,90,S,10년납,만15세~75세,만15세~75세,MAIN,UW21239
83182,(무)갑상선암및기타피부암주요치료특약Ⅱ(연간1회한),선택특약,표준형,21687,90세만기,90,S,15년납,만15세~70세,만15세~70세,MAIN,UW21239
83182,(무)갑상선암및기타피부암주요치료특약Ⅱ(연간1회한),선택특약,표준형,21687,90세만기,90,S,20년납,만15세~70세,만15세~70세,MAIN,UW21239
83182,(무)갑상선암및기타피부암주요치료특약Ⅱ(연간1회한),선택특약,표준형,21687,90세만기,90,S,30년납,만15세~60세,만15세~60세,MAIN,UW21239
83182,(무)갑상선암및기타피부암주요치료특약Ⅱ(연간1회한),선택특약,표준형,21687,100세만기,100,S,10년납,만15세~80세,만15세~80세,MAIN,UW21239
83182,(무)갑상선암및기타피부암주요치료특약Ⅱ(연간1회한),선택특약,표준형,21687,100세만기,100,S,15년납,만15세~70세,만15세~70세,MAIN,UW21239
83182,(무)갑상선암및기타피부암주요치료특약Ⅱ(연간1회한),선택특약,표준형,21687,100세만기,100,S,20년납,만15세~70세,만15세~70세,MAIN,UW21239
83182,(무)갑상선암및기타피부암주요치료특약Ⅱ(연간1회한),선택특약,표준형,21687,100세만기,100,S,30년납,만15세~70세,만15세~70세,MAIN,UW21239
83183,(무)갑상선암및기타피부암주요치료특약Ⅱ(연간1회한),선택특약,해약환급금V2,21686,종신,999,E,10년납,만15세~80세,만15세~80세,MAIN,UW21239
83183,(무)갑상선암및기타피부암주요치료특약Ⅱ(연간1회한),선택특약,해약환급금V2,21686,종신,999,E,15년납,만15세~70세,만15세~70세,MAIN,UW21239
83183,(무)갑상선암및기타피부암주요치료특약Ⅱ(연간1회한),선택특약,해약환급금V2,21686,종신,999,E,20년납,만15세~70세,만15세~70세,MAIN,UW21239
83183,(무)갑상선암및기타피부암주요치료특약Ⅱ(연간1회한),선택특약,해약환급금V2,21686,종신,999,E,30년납,만15세~70세,만15세~70세,MAIN,UW21239
83183,(무)갑상선암및기타피부암주요치료특약Ⅱ(연간1회한),선택특약,해약환급금V2,21686,90세만기,90,S,10년납,만15세~75세,만15세~75세,MAIN,UW21239
83183,(무)갑상선암및기타피부암주요치료특약Ⅱ(연간1회한),선택특약,해약환급금V2,21686,90세만기,90,S,15년납,만15세~70세,만15세~70세,MAIN,UW21239
83183,(무)갑상선암및기타피부암주요치료특약Ⅱ(연간1회한),선택특약,해약환급금V2,21686,90세만기,90,S,20년납,만15세~70세,만15세~70세,MAIN,UW21239
83183,(무)갑상선암및기타피부암주요치료특약Ⅱ(연간1회한),선택특약,해약환급금V2,21686,90세만기,90,S,30년납,만15세~60세,만15세~60세,MAIN,UW21239
83183,(무)갑상선암및기타피부암주요치료특약Ⅱ(연간1회한),선택특약,해약환급금V2,21686,100세만기,100,S,10년납,만15세~80세,만15세~80세,MAIN,UW21239
83183,(무)갑상선암및기타피부암주요치료특약Ⅱ(연간1회한),선택특약,해약환급금V2,21686,100세만기,100,S,15년납,만15세~70세,만15세~70세,MAIN,UW21239
83183,(무)갑상선암및기타피부암주요치료특약Ⅱ(연간1회한),선택특약,해약환급금V2,21686,100세만기,100,S,20년납,만15세~70세,만15세~70세,MAIN,UW21239
83183,(무)갑상선암및기타피부암주요치료특약Ⅱ(연간1회한),선택특약,해약환급금V2,21686,100세만기,100,S,30년납,만15세~70세,만15세~70세,MAIN,UW21239
83184,"(무)상급종합병원,국립암센터암(갑상선암및기타피부암제외)주요치료특약Ⅱ(연간1회한)",선택특약,표준형,21687,종신,999,E,10년납,만15세~80세,만15세~80세,MAIN,UW21239
83184,"(무)상급종합병원,국립암센터암(갑상선암및기타피부암제외)주요치료특약Ⅱ(연간1회한)",선택특약,표준형,21687,종신,999,E,15년납,만15세~70세,만15세~70세,MAIN,UW21239
83184,"(무)상급종합병원,국립암센터암(갑상선암및기타피부암제외)주요치료특약Ⅱ(연간1회한)",선택특약,표준형,21687,종신,999,E,20년납,만15세~70세,만15세~70세,MAIN,UW21239
83184,"(무)상급종합병원,국립암센터암(갑상선암및기타피부암제외)주요치료특약Ⅱ(연간1회한)",선택특약,표준형,21687,종신,999,E,30년납,만15세~70세,만15세~70세,MAIN,UW21239
83184,"(무)상급종합병원,국립암센터암(갑상선암및기타피부암제외)주요치료특약Ⅱ(연간1회한)",선택특약,표준형,21687,90세만기,90,S,10년납,만15세~75세,만15세~75세,MAIN,UW21239
83184,"(무)상급종합병원,국립암센터암(갑상선암및기타피부암제외)주요치료특약Ⅱ(연간1회한)",선택특약,표준형,21687,90세만기,90,S,15년납,만15세~70세,만15세~70세,MAIN,UW21239
83184,"(무)상급종합병원,국립암센터암(갑상선암및기타피부암제외)주요치료특약Ⅱ(연간1회한)",선택특약,표준형,21687,90세만기,90,S,20년납,만15세~70세,만15세~70세,MAIN,UW21239
83184,"(무)상급종합병원,국립암센터암(갑상선암및기타피부암제외)주요치료특약Ⅱ(연간1회한)",선택특약,표준형,21687,90세만기,90,S,30년납,만15세~60세,만15세~60세,MAIN,UW21239
83184,"(무)상급종합병원,국립암센터암(갑상선암및기타피부암제외)주요치료특약Ⅱ(연간1회한)",선택특약,표준형,21687,100세만기,100,S,10년납,만15세~80세,만15세~80세,MAIN,UW21239
83184,"(무)상급종합병원,국립암센터암(갑상선암및기타피부암제외)주요치료특약Ⅱ(연간1회한)",선택특약,표준형,21687,100세만기,100,S,15년납,만15세~70세,만15세~70세,MAIN,UW21239
83184,"(무)상급종합병원,국립암센터암(갑상선암및기타피부암제외)주요치료특약Ⅱ(연간1회한)",선택특약,표준형,21687,100세만기,100,S,20년납,만15세~70세,만15세~70세,MAIN,UW21239
83184,"(무)상급종합병원,국립암센터암(갑상선암및기타피부암제외)주요치료특약Ⅱ(연간1회한)",선택특약,표준형,21687,100세만기,100,S,30년납,만15세~70세,만15세~70세,MAIN,UW21239
83185,"(무)상급종합병원,국립암센터암(갑상선암및기타피부암제외)주요치료특약Ⅱ(연간1회한)",선택특약,해약환급금V2,21686,종신,999,E,10년납,만15세~80세,만15세~80세,MAIN,UW21239
83185,"(무)상급종합병원,국립암센터암(갑상선암및기타피부암제외)주요치료특약Ⅱ(연간1회한)",선택특약,해약환급금V2,21686,종신,999,E,15년납,만15세~70세,만15세~70세,MAIN,UW21239
83185,"(무)상급종합병원,국립암센터암(갑상선암및기타피부암제외)주요치료특약Ⅱ(연간1회한)",선택특약,해약환급금V2,21686,종신,999,E,20년납,만15세~70세,만15세~70세,MAIN,UW21239
83185,"(무)상급종합병원,국립암센터암(갑상선암및기타피부암제외)주요치료특약Ⅱ(연간1회한)",선택특약,해약환급금V2,21686,종신,999,E,30년납,만15세~70세,만15세~70세,MAIN,UW21239
83185,"(무)상급종합병원,국립암센터암(갑상선암및기타피부암제외)주요치료특약Ⅱ(연간1회한)",선택특약,해약환급금V2,21686,90세만기,90,S,10년납,만15세~75세,만15세~75세,MAIN,UW21239
83185,"(무)상급종합병원,국립암센터암(갑상선암및기타피부암제외)주요치료특약Ⅱ(연간1회한)",선택특약,해약환급금V2,21686,90세만기,90,S,15년납,만15세~70세,만15세~70세,MAIN,UW21239
83185,"(무)상급종합병원,국립암센터암(갑상선암및기타피부암제외)주요치료특약Ⅱ(연간1회한)",선택특약,해약환급금V2,21686,90세만기,90,S,20년납,만15세~70세,만15세~70세,MAIN,UW21239
83185,"(무)상급종합병원,국립암센터암(갑상선암및기타피부암제외)주요치료특약Ⅱ(연간1회한)",선택특약,해약환급금V2,21686,90세만기,90,S,30년납,만15세~60세,만15세~60세,MAIN,UW21239
83185,"(무)상급종합병원,국립암센터암(갑상선암및기타피부암제외)주요치료특약Ⅱ(연간1회한)",선택특약,해약환급금V2,21686,100세만기,100,S,10년납,만15세~80세,만15세~80세,MAIN,UW21239
83185,"(무)상급종합병원,국립암센터암(갑상선암및기타피부암제외)주요치료특약Ⅱ(연간1회한)",선택특약,해약환급금V2,21686,100세만기,100,S,15년납,만15세~70세,만15세~70세,MAIN,UW21239
83185,"(무)상급종합병원,국립암센터암(갑상선암및기타피부암제외)주요치료특약Ⅱ(연간1회한)",선택특약,해약환급금V2,21686,100세만기,100,S,20년납,만15세~70세,만15세~70세,MAIN,UW21239
83185,"(무)상급종합병원,국립암센터암(갑상선암및기타피부암제외)주요치료특약Ⅱ(연간1회한)",선택특약,해약환급금V2,21686,100세만기,100,S,30년납,만15세~70세,만15세~70세,MAIN,UW21239
83186,"(무)상급종합병원,국립암센터갑상선암및기타피부암주요치료특약특약Ⅱ(연간1회한)",선택특약,표준형,21687,종신,999,E,10년납,만15세~80세,만15세~80세,MAIN,UW21239
83186,"(무)상급종합병원,국립암센터갑상선암및기타피부암주요치료특약특약Ⅱ(연간1회한)",선택특약,표준형,21687,종신,999,E,15년납,만15세~70세,만15세~70세,MAIN,UW21239
83186,"(무)상급종합병원,국립암센터갑상선암및기타피부암주요치료특약특약Ⅱ(연간1회한)",선택특약,표준형,21687,종신,999,E,20년납,만15세~70세,만15세~70세,MAIN,UW21239
83186,"(무)상급종합병원,국립암센터갑상선암및기타피부암주요치료특약특약Ⅱ(연간1회한)",선택특약,표준형,21687,종신,999,E,30년납,만15세~70세,만15세~70세,MAIN,UW21239
83186,"(무)상급종합병원,국립암센터갑상선암및기타피부암주요치료특약특약Ⅱ(연간1회한)",선택특약,표준형,21687,90세만기,90,S,10년납,만15세~75세,만15세~75세,MAIN,UW21239
83186,"(무)상급종합병원,국립암센터갑상선암및기타피부암주요치료특약특약Ⅱ(연간1회한)",선택특약,표준형,21687,90세만기,90,S,15년납,만15세~70세,만15세~70세,MAIN,UW21239
83186,"(무)상급종합병원,국립암센터갑상선암및기타피부암주요치료특약특약Ⅱ(연간1회한)",선택특약,표준형,21687,90세만기,90,S,20년납,만15세~70세,만15세~70세,MAIN,UW21239
83186,"(무)상급종합병원,국립암센터갑상선암및기타피부암주요치료특약특약Ⅱ(연간1회한)",선택특약,표준형,21687,90세만기,90,S,30년납,만15세~60세,만15세~60세,MAIN,UW21239
83186,"(무)상급종합병원,국립암센터갑상선암및기타피부암주요치료특약특약Ⅱ(연간1회한)",선택특약,표준형,21687,100세만기,100,S,10년납,만15세~80세,만15세~80세,MAIN,UW21239
83186,"(무)상급종합병원,국립암센터갑상선암및기타피부암주요치료특약특약Ⅱ(연간1회한)",선택특약,표준형,21687,100세만기,100,S,15년납,만15세~70세,만15세~70세,MAIN,UW21239
83186,"(무)상급종합병원,국립암센터갑상선암및기타피부암주요치료특약특약Ⅱ(연간1회한)",선택특약,표준형,21687,100세만기,100,S,20년납,만15세~70세,만15세~70세,MAIN,UW21239
83186,"(무)상급종합병원,국립암센터갑상선암및기타피부암주요치료특약특약Ⅱ(연간1회한)",선택특약,표준형,21687,100세만기,100,S,30년납,만15세~70세,만15세~70세,MAIN,UW21239
83187,"(무)상급종합병원,국립암센터갑상선암및기타피부암주요치료특약특약Ⅱ(연간1회한)",선택특약,해약환급금V2,21686,종신,999,E,10년납,만15세~80세,만15세~80세,MAIN,UW21239
83187,"(무)상급종합병원,국립암센터갑상선암및기타피부암주요치료특약특약Ⅱ(연간1회한)",선택특약,해약환급금V2,21686,종신,999,E,15년납,만15세~70세,만15세~70세,MAIN,UW21239
83187,"(무)상급종합병원,국립암센터갑상선암및기타피부암주요치료특약특약Ⅱ(연간1회한)",선택특약,해약환급금V2,21686,종신,999,E,20년납,만15세~70세,만15세~70세,MAIN,UW21239
83187,"(무)상급종합병원,국립암센터갑상선암및기타피부암주요치료특약특약Ⅱ(연간1회한)",선택특약,해약환급금V2,21686,종신,999,E,30년납,만15세~70세,만15세~70세,MAIN,UW21239
83187,"(무)상급종합병원,국립암센터갑상선암및기타피부암주요치료특약특약Ⅱ(연간1회한)",선택특약,해약환급금V2,21686,90세만기,90,S,10년납,만15세~75세,만15세~75세,MAIN,UW21239
83187,"(무)상급종합병원,국립암센터갑상선암및기타피부암주요치료특약특약Ⅱ(연간1회한)",선택특약,해약환급금V2,21686,90세만기,90,S,15년납,만15세~70세,만15세~70세,MAIN,UW21239
83187,"(무)상급종합병원,국립암센터갑상선암및기타피부암주요치료특약특약Ⅱ(연간1회한)",선택특약,해약환급금V2,21686,90세만기,90,S,20년납,만15세~70세,만15세~70세,MAIN,UW21239
83187,"(무)상급종합병원,국립암센터갑상선암및기타피부암주요치료특약특약Ⅱ(연간1회한)",선택특약,해약환급금V2,21686,90세만기,90,S,30년납,만15세~60세,만15세~60세,MAIN,UW21239
83187,"(무)상급종합병원,국립암센터갑상선암및기타피부암주요치료특약특약Ⅱ(연간1회한)",선택특약,해약환급금V2,21686,100세만기,100,S,10년납,만15세~80세,만15세~80세,MAIN,UW21239
83187,"(무)상급종합병원,국립암센터갑상선암및기타피부암주요치료특약특약Ⅱ(연간1회한)",선택특약,해약환급금V2,21686,100세만기,100,S,15년납,만15세~70세,만15세~70세,MAIN,UW21239
83187,"(무)상급종합병원,국립암센터갑상선암및기타피부암주요치료특약특약Ⅱ(연간1회한)",선택특약,해약환급금V2,21686,100세만기,100,S,20년납,만15세~70세,만15세~70세,MAIN,UW21239
83187,"(무)상급종합병원,국립암센터갑상선암및기타피부암주요치료특약특약Ⅱ(연간1회한)",선택특약,해약환급금V2,21686,100세만기,100,S,30년납,만15세~70세,만15세~70세,MAIN,UW21239
83192,"(무)원투쓰리암진단특약(갱신형,10년)",선택특약,최초계약,21686,종신,999,E,10년납,만15세~80세,만15세~80세,MAIN,UW21239
83192,"(무)원투쓰리암진단특약(갱신형,10년)",선택특약,최초계약,21686,종신,999,E,15년납,만15세~70세,만15세~70세,MAIN,UW21239
83192,"(무)원투쓰리암진단특약(갱신형,10년)",선택특약,최초계약,21686,종신,999,E,20년납,만15세~70세,만15세~70세,MAIN,UW21239
83192,"(무)원투쓰리암진단특약(갱신형,10년)",선택특약,최초계약,21686,종신,999,E,30년납,만15세~70세,만15세~70세,MAIN,UW21239
83192,"(무)원투쓰리암진단특약(갱신형,10년)",선택특약,최초계약,21686,90세만기,90,S,10년납,만15세~75세,만15세~75세,MAIN,UW21239
83192,"(무)원투쓰리암진단특약(갱신형,10년)",선택특약,최초계약,21686,90세만기,90,S,15년납,만15세~70세,만15세~70세,MAIN,UW21239
83192,"(무)원투쓰리암진단특약(갱신형,10년)",선택특약,최초계약,21686,90세만기,90,S,20년납,만15세~70세,만15세~70세,MAIN,UW21239
83192,"(무)원투쓰리암진단특약(갱신형,10년)",선택특약,최초계약,21686,90세만기,90,S,30년납,만15세~60세,만15세~60세,MAIN,UW21239
83192,"(무)원투쓰리암진단특약(갱신형,10년)",선택특약,최초계약,21686,100세만기,100,S,10년납,만15세~80세,만15세~80세,MAIN,UW21239
83192,"(무)원투쓰리암진단특약(갱신형,10년)",선택특약,최초계약,21686,100세만기,100,S,15년납,만15세~70세,만15세~70세,MAIN,UW21239
83192,"(무)원투쓰리암진단특약(갱신형,10년)",선택특약,최초계약,21686,100세만기,100,S,20년납,만15세~70세,만15세~70세,MAIN,UW21239
83192,"(무)원투쓰리암진단특약(갱신형,10년)",선택특약,최초계약,21686,100세만기,100,S,30년납,만15세~70세,만15세~70세,MAIN,UW21239
83193,"(무)원투쓰리암진단특약(갱신형,10년)",선택특약,갱신계약,21686,종신,999,E,10년납,만15세~80세,만15세~80세,MAIN,UW21239
83193,"(무)원투쓰리암진단특약(갱신형,10년)",선택특약,갱신계약,21686,종신,999,E,15년납,만15세~70세,만15세~70세,MAIN,UW21239
83193,"(무)원투쓰리암진단특약(갱신형,10년)",선택특약,갱신계약,21686,종신,999,E,20년납,만15세~70세,만15세~70세,MAIN,UW21239
83193,"(무)원투쓰리암진단특약(갱신형,10년)",선택특약,갱신계약,21686,종신,999,E,30년납,만15세~70세,만15세~70세,MAIN,UW21239
83193,"(무)원투쓰리암진단특약(갱신형,10년)",선택특약,갱신계약,21686,90세만기,90,S,10년납,만15세~75세,만15세~75세,MAIN,UW21239
83193,"(무)원투쓰리암진단특약(갱신형,10년)",선택특약,갱신계약,21686,90세만기,90,S,15년납,만15세~70세,만15세~70세,MAIN,UW21239
83193,"(무)원투쓰리암진단특약(갱신형,10년)",선택특약,갱신계약,21686,90세만기,90,S,20년납,만15세~70세,만15세~70세,MAIN,UW21239
83193,"(무)원투쓰리암진단특약(갱신형,10년)",선택특약,갱신계약,21686,90세만기,90,S,30년납,만15세~60세,만15세~60세,MAIN,UW21239
83193,"(무)원투쓰리암진단특약(갱신형,10년)",선택특약,갱신계약,21686,100세만기,100,S,10년납,만15세~80세,만15세~80세,MAIN,UW21239
83193,"(무)원투쓰리암진단특약(갱신형,10년)",선택특약,갱신계약,21686,100세만기,100,S,15년납,만15세~70세,만15세~70세,MAIN,UW21239
83193,"(무)원투쓰리암진단특약(갱신형,10년)",선택특약,갱신계약,21686,100세만기,100,S,20년납,만15세~70세,만15세~70세,MAIN,UW21239
83193,"(무)원투쓰리암진단특약(갱신형,10년)",선택특약,갱신계약,21686,100세만기,100,S,30년납,만15세~70세,만15세~70세,MAIN,UW21239
83194,"(무)원투쓰리암진단특약(갱신형,20년)",선택특약,최초계약,21686,종신,999,E,10년납,만15세~80세,만15세~80세,MAIN,UW21239
83194,"(무)원투쓰리암진단특약(갱신형,20년)",선택특약,최초계약,21686,종신,999,E,15년납,만15세~70세,만15세~70세,MAIN,UW21239
83194,"(무)원투쓰리암진단특약(갱신형,20년)",선택특약,최초계약,21686,종신,999,E,20년납,만15세~70세,만15세~70세,MAIN,UW21239
83194,"(무)원투쓰리암진단특약(갱신형,20년)",선택특약,최초계약,21686,종신,999,E,30년납,만15세~70세,만15세~70세,MAIN,UW21239
83194,"(무)원투쓰리암진단특약(갱신형,20년)",선택특약,최초계약,21686,90세만기,90,S,10년납,만15세~75세,만15세~75세,MAIN,UW21239
83194,"(무)원투쓰리암진단특약(갱신형,20년)",선택특약,최초계약,21686,90세만기,90,S,15년납,만15세~70세,만15세~70세,MAIN,UW21239
83194,"(무)원투쓰리암진단특약(갱신형,20년)",선택특약,최초계약,21686,90세만기,90,S,20년납,만15세~70세,만15세~70세,MAIN,UW21239
83194,"(무)원투쓰리암진단특약(갱신형,20년)",선택특약,최초계약,21686,90세만기,90,S,30년납,만15세~60세,만15세~60세,MAIN,UW21239
83194,"(무)원투쓰리암진단특약(갱신형,20년)",선택특약,최초계약,21686,100세만기,100,S,10년납,만15세~80세,만15세~80세,MAIN,UW21239
83194,"(무)원투쓰리암진단특약(갱신형,20년)",선택특약,최초계약,21686,100세만기,100,S,15년납,만15세~70세,만15세~70세,MAIN,UW21239
83194,"(무)원투쓰리암진단특약(갱신형,20년)",선택특약,최초계약,21686,100세만기,100,S,20년납,만15세~70세,만15세~70세,MAIN,UW21239
83194,"(무)원투쓰리암진단특약(갱신형,20년)",선택특약,최초계약,21686,100세만기,100,S,30년납,만15세~70세,만15세~70세,MAIN,UW21239
83195,"(무)원투쓰리암진단특약(갱신형,20년)",선택특약,갱신계약,21686,종신,999,E,10년납,만15세~80세,만15세~80세,MAIN,UW21239
83195,"(무)원투쓰리암진단특약(갱신형,20년)",선택특약,갱신계약,21686,종신,999,E,15년납,만15세~70세,만15세~70세,MAIN,UW21239
83195,"(무)원투쓰리암진단특약(갱신형,20년)",선택특약,갱신계약,21686,종신,999,E,20년납,만15세~70세,만15세~70세,MAIN,UW21239
83195,"(무)원투쓰리암진단특약(갱신형,20년)",선택특약,갱신계약,21686,종신,999,E,30년납,만15세~70세,만15세~70세,MAIN,UW21239
83195,"(무)원투쓰리암진단특약(갱신형,20년)",선택특약,갱신계약,21686,90세만기,90,S,10년납,만15세~75세,만15세~75세,MAIN,UW21239
83195,"(무)원투쓰리암진단특약(갱신형,20년)",선택특약,갱신계약,21686,90세만기,90,S,15년납,만15세~70세,만15세~70세,MAIN,UW21239
83195,"(무)원투쓰리암진단특약(갱신형,20년)",선택특약,갱신계약,21686,90세만기,90,S,20년납,만15세~70세,만15세~70세,MAIN,UW21239
83195,"(무)원투쓰리암진단특약(갱신형,20년)",선택특약,갱신계약,21686,90세만기,90,S,30년납,만15세~60세,만15세~60세,MAIN,UW21239
83195,"(무)원투쓰리암진단특약(갱신형,20년)",선택특약,갱신계약,21686,100세만기,100,S,10년납,만15세~80세,만15세~80세,MAIN,UW21239
83195,"(무)원투쓰리암진단특약(갱신형,20년)",선택특약,갱신계약,21686,100세만기,100,S,15년납,만15세~70세,만15세~70세,MAIN,UW21239
83195,"(무)원투쓰리암진단특약(갱신형,20년)",선택특약,갱신계약,21686,100세만기,100,S,20년납,만15세~70세,만15세~70세,MAIN,UW21239
83195,"(무)원투쓰리암진단특약(갱신형,20년)",선택특약,갱신계약,21686,100세만기,100,S,30년납,만15세~70세,만15세~70세,MAIN,UW21239
